[2026-09-10 08:05:30] local.ERROR: Database file at path [/www/wwwroot/dclaravel.telkomuniversity.ac.id/hosting-store/database/database.sqlite] does not exist. Ensure this is an absolute path to the database. (Connection: sqlite, Database: /www/wwwroot/dclaravel.telkomuniversity.ac.id/hosting-store/database/database.sqlite, SQL: delete from "cache") {"exception":"[object] (Illuminate\\Database\\QueryException(code: 0): Database file at path [/www/wwwroot/dclaravel.telkomuniversity.ac.id/hosting-store/database/database.sqlite] does not exist. Ensure this is an absolute path to the database. (Connection: sqlite, Database: /www/wwwroot/dclaravel.telkomuniversity.ac.id/hosting-store/database/database.sqlite, SQL: delete from \"cache\") at /www/wwwroot/dclaravel.telkomuniversity.ac.id/hosting-store/vendor/laravel/framework/src/Illuminate/Database/Connection.php:857)
[stacktrace]
#0 /www/wwwroot/dclaravel.telkomuniversity.ac.id/hosting-store/vendor/laravel/framework/src/Illuminate/Database/Connection.php(813): Illuminate\\Database\\Connection->runQueryCallback()
#1 /www/wwwroot/dclaravel.telkomuniversity.ac.id/hosting-store/vendor/laravel/framework/src/Illuminate/Database/Connection.php(614): Illuminate\\Database\\Connection->run()
#2 /www/wwwroot/dclaravel.telkomuniversity.ac.id/hosting-store/vendor/laravel/framework/src/Illuminate/Database/Connection.php(578): Illuminate\\Database\\Connection->affectingStatement()
#3 /www/wwwroot/dclaravel.telkomuniversity.ac.id/hosting-store/vendor/laravel/framework/src/Illuminate/Database/Query/Builder.php(4576): Illuminate\\Database\\Connection->delete()
#4 /www/wwwroot/dclaravel.telkomuniversity.ac.id/hosting-store/vendor/laravel/framework/src/Illuminate/Cache/DatabaseStore.php(450): Illuminate\\Database\\Query\\Builder->delete()
#5 /www/wwwroot/dclaravel.telkomuniversity.ac.id/hosting-store/vendor/laravel/framework/src/Illuminate/Cache/Repository.php(1086): Illuminate\\Cache\\DatabaseStore->flush()
#6 /www/wwwroot/dclaravel.telkomuniversity.ac.id/hosting-store/vendor/laravel/framework/src/Illuminate/Cache/Console/ClearCommand.php(81): Illuminate\\Cache\\Repository->__call()
#7 /www/wwwroot/dclaravel.telkomuniversity.ac.id/hosting-store/vendor/laravel/framework/src/Illuminate/Container/BoundMethod.php(36): Illuminate\\Cache\\Console\\ClearCommand->handle()
#8 /www/wwwroot/dclaravel.telkomuniversity.ac.id/hosting-store/vendor/laravel/framework/src/Illuminate/Container/Util.php(43): Illuminate\\Container\\BoundMethod::{closure:Illuminate\\Container\\BoundMethod::call():35}()
#9 /www/wwwroot/dclaravel.telkomuniversity.ac.id/hosting-store/vendor/laravel/framework/src/Illuminate/Container/BoundMethod.php(96): Illuminate\\Container\\Util::unwrapIfClosure()
#10 /www/wwwroot/dclaravel.telkomuniversity.ac.id/hosting-store/vendor/laravel/framework/src/Illuminate/Container/BoundMethod.php(35): Illuminate\\Container\\BoundMethod::callBoundMethod()
#11 /www/wwwroot/dclaravel.telkomuniversity.ac.id/hosting-store/vendor/laravel/framework/src/Illuminate/Container/Container.php(803): Illuminate\\Container\\BoundMethod::call()
#12 /www/wwwroot/dclaravel.telkomuniversity.ac.id/hosting-store/vendor/laravel/framework/src/Illuminate/Console/Command.php(292): Illuminate\\Container\\Container->call()
#13 /www/wwwroot/dclaravel.telkomuniversity.ac.id/hosting-store/vendor/symfony/console/Command/Command.php(285): Illuminate\\Console\\Command->execute()
#14 /www/wwwroot/dclaravel.telkomuniversity.ac.id/hosting-store/vendor/laravel/framework/src/Illuminate/Console/Command.php(261): Symfony\\Component\\Console\\Command\\Command->run()
#15 /www/wwwroot/dclaravel.telkomuniversity.ac.id/hosting-store/vendor/laravel/framework/src/Illuminate/Console/Concerns/CallsCommands.php(68): Illuminate\\Console\\Command->run()
#16 /www/wwwroot/dclaravel.telkomuniversity.ac.id/hosting-store/vendor/laravel/framework/src/Illuminate/Console/Concerns/CallsCommands.php(41): Illuminate\\Console\\Command->runCommand()
#17 /www/wwwroot/dclaravel.telkomuniversity.ac.id/hosting-store/vendor/laravel/framework/src/Illuminate/Console/Concerns/CallsCommands.php(53): Illuminate\\Console\\Command->callSilent()
#18 /www/wwwroot/dclaravel.telkomuniversity.ac.id/hosting-store/vendor/laravel/framework/src/Illuminate/Foundation/Console/OptimizeClearCommand.php(48): Illuminate\\Console\\Command->callSilently()
#19 /www/wwwroot/dclaravel.telkomuniversity.ac.id/hosting-store/vendor/laravel/framework/src/Illuminate/Console/View/Components/Task.php(43): Illuminate\\Foundation\\Console\\OptimizeClearCommand->{closure:Illuminate\\Foundation\\Console\\OptimizeClearCommand::handle():48}()
#20 /www/wwwroot/dclaravel.telkomuniversity.ac.id/hosting-store/vendor/laravel/framework/src/Illuminate/Console/View/Components/Factory.php(61): Illuminate\\Console\\View\\Components\\Task->render()
#21 /www/wwwroot/dclaravel.telkomuniversity.ac.id/hosting-store/vendor/laravel/framework/src/Illuminate/Foundation/Console/OptimizeClearCommand.php(48): Illuminate\\Console\\View\\Components\\Factory->__call()
#22 /www/wwwroot/dclaravel.telkomuniversity.ac.id/hosting-store/vendor/laravel/framework/src/Illuminate/Container/BoundMethod.php(36): Illuminate\\Foundation\\Console\\OptimizeClearCommand->handle()
#23 /www/wwwroot/dclaravel.telkomuniversity.ac.id/hosting-store/vendor/laravel/framework/src/Illuminate/Container/Util.php(43): Illuminate\\Container\\BoundMethod::{closure:Illuminate\\Container\\BoundMethod::call():35}()
#24 /www/wwwroot/dclaravel.telkomuniversity.ac.id/hosting-store/vendor/laravel/framework/src/Illuminate/Container/BoundMethod.php(96): Illuminate\\Container\\Util::unwrapIfClosure()
#25 /www/wwwroot/dclaravel.telkomuniversity.ac.id/hosting-store/vendor/laravel/framework/src/Illuminate/Container/BoundMethod.php(35): Illuminate\\Container\\BoundMethod::callBoundMethod()
#26 /www/wwwroot/dclaravel.telkomuniversity.ac.id/hosting-store/vendor/laravel/framework/src/Illuminate/Container/Container.php(803): Illuminate\\Container\\BoundMethod::call()
#27 /www/wwwroot/dclaravel.telkomuniversity.ac.id/hosting-store/vendor/laravel/framework/src/Illuminate/Console/Command.php(292): Illuminate\\Container\\Container->call()
#28 /www/wwwroot/dclaravel.telkomuniversity.ac.id/hosting-store/vendor/symfony/console/Command/Command.php(285): Illuminate\\Console\\Command->execute()
#29 /www/wwwroot/dclaravel.telkomuniversity.ac.id/hosting-store/vendor/laravel/framework/src/Illuminate/Console/Command.php(261): Symfony\\Component\\Console\\Command\\Command->run()
#30 /www/wwwroot/dclaravel.telkomuniversity.ac.id/hosting-store/vendor/symfony/console/Application.php(1144): Illuminate\\Console\\Command->run()
#31 /www/wwwroot/dclaravel.telkomuniversity.ac.id/hosting-store/vendor/symfony/console/Application.php(379): Symfony\\Component\\Console\\Application->doRunCommand()
#32 /www/wwwroot/dclaravel.telkomuniversity.ac.id/hosting-store/vendor/symfony/console/Application.php(218): Symfony\\Component\\Console\\Application->doRun()
#33 /www/wwwroot/dclaravel.telkomuniversity.ac.id/hosting-store/vendor/laravel/framework/src/Illuminate/Foundation/Console/Kernel.php(198): Symfony\\Component\\Console\\Application->run()
#34 /www/wwwroot/dclaravel.telkomuniversity.ac.id/hosting-store/vendor/laravel/framework/src/Illuminate/Foundation/Application.php(1242): Illuminate\\Foundation\\Console\\Kernel->handle()
#35 /www/wwwroot/dclaravel.telkomuniversity.ac.id/hosting-store/artisan(16): Illuminate\\Foundation\\Application->handleCommand()
#36 {main}

[previous exception] [object] (Illuminate\\Database\\SQLiteDatabaseDoesNotExistException(code: 0): Database file at path [/www/wwwroot/dclaravel.telkomuniversity.ac.id/hosting-store/database/database.sqlite] does not exist. Ensure this is an absolute path to the database. at /www/wwwroot/dclaravel.telkomuniversity.ac.id/hosting-store/vendor/laravel/framework/src/Illuminate/Database/Connectors/SQLiteConnector.php:61)
[stacktrace]
#0 /www/wwwroot/dclaravel.telkomuniversity.ac.id/hosting-store/vendor/laravel/framework/src/Illuminate/Database/Connectors/SQLiteConnector.php(19): Illuminate\\Database\\Connectors\\SQLiteConnector->parseDatabasePath()
#1 /www/wwwroot/dclaravel.telkomuniversity.ac.id/hosting-store/vendor/laravel/framework/src/Illuminate/Database/Connectors/ConnectionFactory.php(259): Illuminate\\Database\\Connectors\\SQLiteConnector->connect()
#2 [internal function]: Illuminate\\Database\\Connectors\\ConnectionFactory->{closure:Illuminate\\Database\\Connectors\\ConnectionFactory::createPdoResolverWithoutHosts():259}()
#3 /www/wwwroot/dclaravel.telkomuniversity.ac.id/hosting-store/vendor/laravel/framework/src/Illuminate/Database/Connection.php(1298): call_user_func()
#4 /www/wwwroot/dclaravel.telkomuniversity.ac.id/hosting-store/vendor/laravel/framework/src/Illuminate/Database/Connection.php(622): Illuminate\\Database\\Connection->getPdo()
#5 /www/wwwroot/dclaravel.telkomuniversity.ac.id/hosting-store/vendor/laravel/framework/src/Illuminate/Database/Connection.php(846): Illuminate\\Database\\Connection->{closure:Illuminate\\Database\\Connection::affectingStatement():614}()
#6 /www/wwwroot/dclaravel.telkomuniversity.ac.id/hosting-store/vendor/laravel/framework/src/Illuminate/Database/Connection.php(813): Illuminate\\Database\\Connection->runQueryCallback()
#7 /www/wwwroot/dclaravel.telkomuniversity.ac.id/hosting-store/vendor/laravel/framework/src/Illuminate/Database/Connection.php(614): Illuminate\\Database\\Connection->run()
#8 /www/wwwroot/dclaravel.telkomuniversity.ac.id/hosting-store/vendor/laravel/framework/src/Illuminate/Database/Connection.php(578): Illuminate\\Database\\Connection->affectingStatement()
#9 /www/wwwroot/dclaravel.telkomuniversity.ac.id/hosting-store/vendor/laravel/framework/src/Illuminate/Database/Query/Builder.php(4576): Illuminate\\Database\\Connection->delete()
#10 /www/wwwroot/dclaravel.telkomuniversity.ac.id/hosting-store/vendor/laravel/framework/src/Illuminate/Cache/DatabaseStore.php(450): Illuminate\\Database\\Query\\Builder->delete()
#11 /www/wwwroot/dclaravel.telkomuniversity.ac.id/hosting-store/vendor/laravel/framework/src/Illuminate/Cache/Repository.php(1086): Illuminate\\Cache\\DatabaseStore->flush()
#12 /www/wwwroot/dclaravel.telkomuniversity.ac.id/hosting-store/vendor/laravel/framework/src/Illuminate/Cache/Console/ClearCommand.php(81): Illuminate\\Cache\\Repository->__call()
#13 /www/wwwroot/dclaravel.telkomuniversity.ac.id/hosting-store/vendor/laravel/framework/src/Illuminate/Container/BoundMethod.php(36): Illuminate\\Cache\\Console\\ClearCommand->handle()
#14 /www/wwwroot/dclaravel.telkomuniversity.ac.id/hosting-store/vendor/laravel/framework/src/Illuminate/Container/Util.php(43): Illuminate\\Container\\BoundMethod::{closure:Illuminate\\Container\\BoundMethod::call():35}()
#15 /www/wwwroot/dclaravel.telkomuniversity.ac.id/hosting-store/vendor/laravel/framework/src/Illuminate/Container/BoundMethod.php(96): Illuminate\\Container\\Util::unwrapIfClosure()
#16 /www/wwwroot/dclaravel.telkomuniversity.ac.id/hosting-store/vendor/laravel/framework/src/Illuminate/Container/BoundMethod.php(35): Illuminate\\Container\\BoundMethod::callBoundMethod()
#17 /www/wwwroot/dclaravel.telkomuniversity.ac.id/hosting-store/vendor/laravel/framework/src/Illuminate/Container/Container.php(803): Illuminate\\Container\\BoundMethod::call()
#18 /www/wwwroot/dclaravel.telkomuniversity.ac.id/hosting-store/vendor/laravel/framework/src/Illuminate/Console/Command.php(292): Illuminate\\Container\\Container->call()
#19 /www/wwwroot/dclaravel.telkomuniversity.ac.id/hosting-store/vendor/symfony/console/Command/Command.php(285): Illuminate\\Console\\Command->execute()
#20 /www/wwwroot/dclaravel.telkomuniversity.ac.id/hosting-store/vendor/laravel/framework/src/Illuminate/Console/Command.php(261): Symfony\\Component\\Console\\Command\\Command->run()
#21 /www/wwwroot/dclaravel.telkomuniversity.ac.id/hosting-store/vendor/laravel/framework/src/Illuminate/Console/Concerns/CallsCommands.php(68): Illuminate\\Console\\Command->run()
#22 /www/wwwroot/dclaravel.telkomuniversity.ac.id/hosting-store/vendor/laravel/framework/src/Illuminate/Console/Concerns/CallsCommands.php(41): Illuminate\\Console\\Command->runCommand()
#23 /www/wwwroot/dclaravel.telkomuniversity.ac.id/hosting-store/vendor/laravel/framework/src/Illuminate/Console/Concerns/CallsCommands.php(53): Illuminate\\Console\\Command->callSilent()
#24 /www/wwwroot/dclaravel.telkomuniversity.ac.id/hosting-store/vendor/laravel/framework/src/Illuminate/Foundation/Console/OptimizeClearCommand.php(48): Illuminate\\Console\\Command->callSilently()
#25 /www/wwwroot/dclaravel.telkomuniversity.ac.id/hosting-store/vendor/laravel/framework/src/Illuminate/Console/View/Components/Task.php(43): Illuminate\\Foundation\\Console\\OptimizeClearCommand->{closure:Illuminate\\Foundation\\Console\\OptimizeClearCommand::handle():48}()
#26 /www/wwwroot/dclaravel.telkomuniversity.ac.id/hosting-store/vendor/laravel/framework/src/Illuminate/Console/View/Components/Factory.php(61): Illuminate\\Console\\View\\Components\\Task->render()
#27 /www/wwwroot/dclaravel.telkomuniversity.ac.id/hosting-store/vendor/laravel/framework/src/Illuminate/Foundation/Console/OptimizeClearCommand.php(48): Illuminate\\Console\\View\\Components\\Factory->__call()
#28 /www/wwwroot/dclaravel.telkomuniversity.ac.id/hosting-store/vendor/laravel/framework/src/Illuminate/Container/BoundMethod.php(36): Illuminate\\Foundation\\Console\\OptimizeClearCommand->handle()
#29 /www/wwwroot/dclaravel.telkomuniversity.ac.id/hosting-store/vendor/laravel/framework/src/Illuminate/Container/Util.php(43): Illuminate\\Container\\BoundMethod::{closure:Illuminate\\Container\\BoundMethod::call():35}()
#30 /www/wwwroot/dclaravel.telkomuniversity.ac.id/hosting-store/vendor/laravel/framework/src/Illuminate/Container/BoundMethod.php(96): Illuminate\\Container\\Util::unwrapIfClosure()
#31 /www/wwwroot/dclaravel.telkomuniversity.ac.id/hosting-store/vendor/laravel/framework/src/Illuminate/Container/BoundMethod.php(35): Illuminate\\Container\\BoundMethod::callBoundMethod()
#32 /www/wwwroot/dclaravel.telkomuniversity.ac.id/hosting-store/vendor/laravel/framework/src/Illuminate/Container/Container.php(803): Illuminate\\Container\\BoundMethod::call()
#33 /www/wwwroot/dclaravel.telkomuniversity.ac.id/hosting-store/vendor/laravel/framework/src/Illuminate/Console/Command.php(292): Illuminate\\Container\\Container->call()
#34 /www/wwwroot/dclaravel.telkomuniversity.ac.id/hosting-store/vendor/symfony/console/Command/Command.php(285): Illuminate\\Console\\Command->execute()
#35 /www/wwwroot/dclaravel.telkomuniversity.ac.id/hosting-store/vendor/laravel/framework/src/Illuminate/Console/Command.php(261): Symfony\\Component\\Console\\Command\\Command->run()
#36 /www/wwwroot/dclaravel.telkomuniversity.ac.id/hosting-store/vendor/symfony/console/Application.php(1144): Illuminate\\Console\\Command->run()
#37 /www/wwwroot/dclaravel.telkomuniversity.ac.id/hosting-store/vendor/symfony/console/Application.php(379): Symfony\\Component\\Console\\Application->doRunCommand()
#38 /www/wwwroot/dclaravel.telkomuniversity.ac.id/hosting-store/vendor/symfony/console/Application.php(218): Symfony\\Component\\Console\\Application->doRun()
#39 /www/wwwroot/dclaravel.telkomuniversity.ac.id/hosting-store/vendor/laravel/framework/src/Illuminate/Foundation/Console/Kernel.php(198): Symfony\\Component\\Console\\Application->run()
#40 /www/wwwroot/dclaravel.telkomuniversity.ac.id/hosting-store/vendor/laravel/framework/src/Illuminate/Foundation/Application.php(1242): Illuminate\\Foundation\\Console\\Kernel->handle()
#41 /www/wwwroot/dclaravel.telkomuniversity.ac.id/hosting-store/artisan(16): Illuminate\\Foundation\\Application->handleCommand()
#42 {main}
"} 
[2026-09-10 08:06:17] local.ERROR: SQLSTATE[HY000]: General error: 1 no such table: cache (Connection: sqlite, Database: /www/wwwroot/dclaravel.telkomuniversity.ac.id/hosting-store/database/database.sqlite, SQL: delete from "cache") {"exception":"[object] (Illuminate\\Database\\QueryException(code: HY000): SQLSTATE[HY000]: General error: 1 no such table: cache (Connection: sqlite, Database: /www/wwwroot/dclaravel.telkomuniversity.ac.id/hosting-store/database/database.sqlite, SQL: delete from \"cache\") at /www/wwwroot/dclaravel.telkomuniversity.ac.id/hosting-store/vendor/laravel/framework/src/Illuminate/Database/Connection.php:857)
[stacktrace]
#0 /www/wwwroot/dclaravel.telkomuniversity.ac.id/hosting-store/vendor/laravel/framework/src/Illuminate/Database/Connection.php(813): Illuminate\\Database\\Connection->runQueryCallback()
#1 /www/wwwroot/dclaravel.telkomuniversity.ac.id/hosting-store/vendor/laravel/framework/src/Illuminate/Database/Connection.php(614): Illuminate\\Database\\Connection->run()
#2 /www/wwwroot/dclaravel.telkomuniversity.ac.id/hosting-store/vendor/laravel/framework/src/Illuminate/Database/Connection.php(578): Illuminate\\Database\\Connection->affectingStatement()
#3 /www/wwwroot/dclaravel.telkomuniversity.ac.id/hosting-store/vendor/laravel/framework/src/Illuminate/Database/Query/Builder.php(4576): Illuminate\\Database\\Connection->delete()
#4 /www/wwwroot/dclaravel.telkomuniversity.ac.id/hosting-store/vendor/laravel/framework/src/Illuminate/Cache/DatabaseStore.php(450): Illuminate\\Database\\Query\\Builder->delete()
#5 /www/wwwroot/dclaravel.telkomuniversity.ac.id/hosting-store/vendor/laravel/framework/src/Illuminate/Cache/Repository.php(1086): Illuminate\\Cache\\DatabaseStore->flush()
#6 /www/wwwroot/dclaravel.telkomuniversity.ac.id/hosting-store/vendor/laravel/framework/src/Illuminate/Cache/Console/ClearCommand.php(81): Illuminate\\Cache\\Repository->__call()
#7 /www/wwwroot/dclaravel.telkomuniversity.ac.id/hosting-store/vendor/laravel/framework/src/Illuminate/Container/BoundMethod.php(36): Illuminate\\Cache\\Console\\ClearCommand->handle()
#8 /www/wwwroot/dclaravel.telkomuniversity.ac.id/hosting-store/vendor/laravel/framework/src/Illuminate/Container/Util.php(43): Illuminate\\Container\\BoundMethod::{closure:Illuminate\\Container\\BoundMethod::call():35}()
#9 /www/wwwroot/dclaravel.telkomuniversity.ac.id/hosting-store/vendor/laravel/framework/src/Illuminate/Container/BoundMethod.php(96): Illuminate\\Container\\Util::unwrapIfClosure()
#10 /www/wwwroot/dclaravel.telkomuniversity.ac.id/hosting-store/vendor/laravel/framework/src/Illuminate/Container/BoundMethod.php(35): Illuminate\\Container\\BoundMethod::callBoundMethod()
#11 /www/wwwroot/dclaravel.telkomuniversity.ac.id/hosting-store/vendor/laravel/framework/src/Illuminate/Container/Container.php(803): Illuminate\\Container\\BoundMethod::call()
#12 /www/wwwroot/dclaravel.telkomuniversity.ac.id/hosting-store/vendor/laravel/framework/src/Illuminate/Console/Command.php(292): Illuminate\\Container\\Container->call()
#13 /www/wwwroot/dclaravel.telkomuniversity.ac.id/hosting-store/vendor/symfony/console/Command/Command.php(285): Illuminate\\Console\\Command->execute()
#14 /www/wwwroot/dclaravel.telkomuniversity.ac.id/hosting-store/vendor/laravel/framework/src/Illuminate/Console/Command.php(261): Symfony\\Component\\Console\\Command\\Command->run()
#15 /www/wwwroot/dclaravel.telkomuniversity.ac.id/hosting-store/vendor/laravel/framework/src/Illuminate/Console/Concerns/CallsCommands.php(68): Illuminate\\Console\\Command->run()
#16 /www/wwwroot/dclaravel.telkomuniversity.ac.id/hosting-store/vendor/laravel/framework/src/Illuminate/Console/Concerns/CallsCommands.php(41): Illuminate\\Console\\Command->runCommand()
#17 /www/wwwroot/dclaravel.telkomuniversity.ac.id/hosting-store/vendor/laravel/framework/src/Illuminate/Console/Concerns/CallsCommands.php(53): Illuminate\\Console\\Command->callSilent()
#18 /www/wwwroot/dclaravel.telkomuniversity.ac.id/hosting-store/vendor/laravel/framework/src/Illuminate/Foundation/Console/OptimizeClearCommand.php(48): Illuminate\\Console\\Command->callSilently()
#19 /www/wwwroot/dclaravel.telkomuniversity.ac.id/hosting-store/vendor/laravel/framework/src/Illuminate/Console/View/Components/Task.php(43): Illuminate\\Foundation\\Console\\OptimizeClearCommand->{closure:Illuminate\\Foundation\\Console\\OptimizeClearCommand::handle():48}()
#20 /www/wwwroot/dclaravel.telkomuniversity.ac.id/hosting-store/vendor/laravel/framework/src/Illuminate/Console/View/Components/Factory.php(61): Illuminate\\Console\\View\\Components\\Task->render()
#21 /www/wwwroot/dclaravel.telkomuniversity.ac.id/hosting-store/vendor/laravel/framework/src/Illuminate/Foundation/Console/OptimizeClearCommand.php(48): Illuminate\\Console\\View\\Components\\Factory->__call()
#22 /www/wwwroot/dclaravel.telkomuniversity.ac.id/hosting-store/vendor/laravel/framework/src/Illuminate/Container/BoundMethod.php(36): Illuminate\\Foundation\\Console\\OptimizeClearCommand->handle()
#23 /www/wwwroot/dclaravel.telkomuniversity.ac.id/hosting-store/vendor/laravel/framework/src/Illuminate/Container/Util.php(43): Illuminate\\Container\\BoundMethod::{closure:Illuminate\\Container\\BoundMethod::call():35}()
#24 /www/wwwroot/dclaravel.telkomuniversity.ac.id/hosting-store/vendor/laravel/framework/src/Illuminate/Container/BoundMethod.php(96): Illuminate\\Container\\Util::unwrapIfClosure()
#25 /www/wwwroot/dclaravel.telkomuniversity.ac.id/hosting-store/vendor/laravel/framework/src/Illuminate/Container/BoundMethod.php(35): Illuminate\\Container\\BoundMethod::callBoundMethod()
#26 /www/wwwroot/dclaravel.telkomuniversity.ac.id/hosting-store/vendor/laravel/framework/src/Illuminate/Container/Container.php(803): Illuminate\\Container\\BoundMethod::call()
#27 /www/wwwroot/dclaravel.telkomuniversity.ac.id/hosting-store/vendor/laravel/framework/src/Illuminate/Console/Command.php(292): Illuminate\\Container\\Container->call()
#28 /www/wwwroot/dclaravel.telkomuniversity.ac.id/hosting-store/vendor/symfony/console/Command/Command.php(285): Illuminate\\Console\\Command->execute()
#29 /www/wwwroot/dclaravel.telkomuniversity.ac.id/hosting-store/vendor/laravel/framework/src/Illuminate/Console/Command.php(261): Symfony\\Component\\Console\\Command\\Command->run()
#30 /www/wwwroot/dclaravel.telkomuniversity.ac.id/hosting-store/vendor/symfony/console/Application.php(1144): Illuminate\\Console\\Command->run()
#31 /www/wwwroot/dclaravel.telkomuniversity.ac.id/hosting-store/vendor/symfony/console/Application.php(379): Symfony\\Component\\Console\\Application->doRunCommand()
#32 /www/wwwroot/dclaravel.telkomuniversity.ac.id/hosting-store/vendor/symfony/console/Application.php(218): Symfony\\Component\\Console\\Application->doRun()
#33 /www/wwwroot/dclaravel.telkomuniversity.ac.id/hosting-store/vendor/laravel/framework/src/Illuminate/Foundation/Console/Kernel.php(198): Symfony\\Component\\Console\\Application->run()
#34 /www/wwwroot/dclaravel.telkomuniversity.ac.id/hosting-store/vendor/laravel/framework/src/Illuminate/Foundation/Application.php(1242): Illuminate\\Foundation\\Console\\Kernel->handle()
#35 /www/wwwroot/dclaravel.telkomuniversity.ac.id/hosting-store/artisan(16): Illuminate\\Foundation\\Application->handleCommand()
#36 {main}

[previous exception] [object] (PDOException(code: HY000): SQLSTATE[HY000]: General error: 1 no such table: cache at /www/wwwroot/dclaravel.telkomuniversity.ac.id/hosting-store/vendor/laravel/framework/src/Illuminate/Database/Connection.php:622)
[stacktrace]
#0 /www/wwwroot/dclaravel.telkomuniversity.ac.id/hosting-store/vendor/laravel/framework/src/Illuminate/Database/Connection.php(622): PDO->prepare()
#1 /www/wwwroot/dclaravel.telkomuniversity.ac.id/hosting-store/vendor/laravel/framework/src/Illuminate/Database/Connection.php(846): Illuminate\\Database\\Connection->{closure:Illuminate\\Database\\Connection::affectingStatement():614}()
#2 /www/wwwroot/dclaravel.telkomuniversity.ac.id/hosting-store/vendor/laravel/framework/src/Illuminate/Database/Connection.php(813): Illuminate\\Database\\Connection->runQueryCallback()
#3 /www/wwwroot/dclaravel.telkomuniversity.ac.id/hosting-store/vendor/laravel/framework/src/Illuminate/Database/Connection.php(614): Illuminate\\Database\\Connection->run()
#4 /www/wwwroot/dclaravel.telkomuniversity.ac.id/hosting-store/vendor/laravel/framework/src/Illuminate/Database/Connection.php(578): Illuminate\\Database\\Connection->affectingStatement()
#5 /www/wwwroot/dclaravel.telkomuniversity.ac.id/hosting-store/vendor/laravel/framework/src/Illuminate/Database/Query/Builder.php(4576): Illuminate\\Database\\Connection->delete()
#6 /www/wwwroot/dclaravel.telkomuniversity.ac.id/hosting-store/vendor/laravel/framework/src/Illuminate/Cache/DatabaseStore.php(450): Illuminate\\Database\\Query\\Builder->delete()
#7 /www/wwwroot/dclaravel.telkomuniversity.ac.id/hosting-store/vendor/laravel/framework/src/Illuminate/Cache/Repository.php(1086): Illuminate\\Cache\\DatabaseStore->flush()
#8 /www/wwwroot/dclaravel.telkomuniversity.ac.id/hosting-store/vendor/laravel/framework/src/Illuminate/Cache/Console/ClearCommand.php(81): Illuminate\\Cache\\Repository->__call()
#9 /www/wwwroot/dclaravel.telkomuniversity.ac.id/hosting-store/vendor/laravel/framework/src/Illuminate/Container/BoundMethod.php(36): Illuminate\\Cache\\Console\\ClearCommand->handle()
#10 /www/wwwroot/dclaravel.telkomuniversity.ac.id/hosting-store/vendor/laravel/framework/src/Illuminate/Container/Util.php(43): Illuminate\\Container\\BoundMethod::{closure:Illuminate\\Container\\BoundMethod::call():35}()
#11 /www/wwwroot/dclaravel.telkomuniversity.ac.id/hosting-store/vendor/laravel/framework/src/Illuminate/Container/BoundMethod.php(96): Illuminate\\Container\\Util::unwrapIfClosure()
#12 /www/wwwroot/dclaravel.telkomuniversity.ac.id/hosting-store/vendor/laravel/framework/src/Illuminate/Container/BoundMethod.php(35): Illuminate\\Container\\BoundMethod::callBoundMethod()
#13 /www/wwwroot/dclaravel.telkomuniversity.ac.id/hosting-store/vendor/laravel/framework/src/Illuminate/Container/Container.php(803): Illuminate\\Container\\BoundMethod::call()
#14 /www/wwwroot/dclaravel.telkomuniversity.ac.id/hosting-store/vendor/laravel/framework/src/Illuminate/Console/Command.php(292): Illuminate\\Container\\Container->call()
#15 /www/wwwroot/dclaravel.telkomuniversity.ac.id/hosting-store/vendor/symfony/console/Command/Command.php(285): Illuminate\\Console\\Command->execute()
#16 /www/wwwroot/dclaravel.telkomuniversity.ac.id/hosting-store/vendor/laravel/framework/src/Illuminate/Console/Command.php(261): Symfony\\Component\\Console\\Command\\Command->run()
#17 /www/wwwroot/dclaravel.telkomuniversity.ac.id/hosting-store/vendor/laravel/framework/src/Illuminate/Console/Concerns/CallsCommands.php(68): Illuminate\\Console\\Command->run()
#18 /www/wwwroot/dclaravel.telkomuniversity.ac.id/hosting-store/vendor/laravel/framework/src/Illuminate/Console/Concerns/CallsCommands.php(41): Illuminate\\Console\\Command->runCommand()
#19 /www/wwwroot/dclaravel.telkomuniversity.ac.id/hosting-store/vendor/laravel/framework/src/Illuminate/Console/Concerns/CallsCommands.php(53): Illuminate\\Console\\Command->callSilent()
#20 /www/wwwroot/dclaravel.telkomuniversity.ac.id/hosting-store/vendor/laravel/framework/src/Illuminate/Foundation/Console/OptimizeClearCommand.php(48): Illuminate\\Console\\Command->callSilently()
#21 /www/wwwroot/dclaravel.telkomuniversity.ac.id/hosting-store/vendor/laravel/framework/src/Illuminate/Console/View/Components/Task.php(43): Illuminate\\Foundation\\Console\\OptimizeClearCommand->{closure:Illuminate\\Foundation\\Console\\OptimizeClearCommand::handle():48}()
#22 /www/wwwroot/dclaravel.telkomuniversity.ac.id/hosting-store/vendor/laravel/framework/src/Illuminate/Console/View/Components/Factory.php(61): Illuminate\\Console\\View\\Components\\Task->render()
#23 /www/wwwroot/dclaravel.telkomuniversity.ac.id/hosting-store/vendor/laravel/framework/src/Illuminate/Foundation/Console/OptimizeClearCommand.php(48): Illuminate\\Console\\View\\Components\\Factory->__call()
#24 /www/wwwroot/dclaravel.telkomuniversity.ac.id/hosting-store/vendor/laravel/framework/src/Illuminate/Container/BoundMethod.php(36): Illuminate\\Foundation\\Console\\OptimizeClearCommand->handle()
#25 /www/wwwroot/dclaravel.telkomuniversity.ac.id/hosting-store/vendor/laravel/framework/src/Illuminate/Container/Util.php(43): Illuminate\\Container\\BoundMethod::{closure:Illuminate\\Container\\BoundMethod::call():35}()
#26 /www/wwwroot/dclaravel.telkomuniversity.ac.id/hosting-store/vendor/laravel/framework/src/Illuminate/Container/BoundMethod.php(96): Illuminate\\Container\\Util::unwrapIfClosure()
#27 /www/wwwroot/dclaravel.telkomuniversity.ac.id/hosting-store/vendor/laravel/framework/src/Illuminate/Container/BoundMethod.php(35): Illuminate\\Container\\BoundMethod::callBoundMethod()
#28 /www/wwwroot/dclaravel.telkomuniversity.ac.id/hosting-store/vendor/laravel/framework/src/Illuminate/Container/Container.php(803): Illuminate\\Container\\BoundMethod::call()
#29 /www/wwwroot/dclaravel.telkomuniversity.ac.id/hosting-store/vendor/laravel/framework/src/Illuminate/Console/Command.php(292): Illuminate\\Container\\Container->call()
#30 /www/wwwroot/dclaravel.telkomuniversity.ac.id/hosting-store/vendor/symfony/console/Command/Command.php(285): Illuminate\\Console\\Command->execute()
#31 /www/wwwroot/dclaravel.telkomuniversity.ac.id/hosting-store/vendor/laravel/framework/src/Illuminate/Console/Command.php(261): Symfony\\Component\\Console\\Command\\Command->run()
#32 /www/wwwroot/dclaravel.telkomuniversity.ac.id/hosting-store/vendor/symfony/console/Application.php(1144): Illuminate\\Console\\Command->run()
#33 /www/wwwroot/dclaravel.telkomuniversity.ac.id/hosting-store/vendor/symfony/console/Application.php(379): Symfony\\Component\\Console\\Application->doRunCommand()
#34 /www/wwwroot/dclaravel.telkomuniversity.ac.id/hosting-store/vendor/symfony/console/Application.php(218): Symfony\\Component\\Console\\Application->doRun()
#35 /www/wwwroot/dclaravel.telkomuniversity.ac.id/hosting-store/vendor/laravel/framework/src/Illuminate/Foundation/Console/Kernel.php(198): Symfony\\Component\\Console\\Application->run()
#36 /www/wwwroot/dclaravel.telkomuniversity.ac.id/hosting-store/vendor/laravel/framework/src/Illuminate/Foundation/Application.php(1242): Illuminate\\Foundation\\Console\\Kernel->handle()
#37 /www/wwwroot/dclaravel.telkomuniversity.ac.id/hosting-store/artisan(16): Illuminate\\Foundation\\Application->handleCommand()
#38 {main}
"} 
[2026-09-10 08:06:50] local.ERROR: SQLSTATE[HY000]: General error: 1 no such table: cache (Connection: sqlite, Database: /www/wwwroot/dclaravel.telkomuniversity.ac.id/hosting-store/database/database.sqlite, SQL: delete from "cache") {"exception":"[object] (Illuminate\\Database\\QueryException(code: HY000): SQLSTATE[HY000]: General error: 1 no such table: cache (Connection: sqlite, Database: /www/wwwroot/dclaravel.telkomuniversity.ac.id/hosting-store/database/database.sqlite, SQL: delete from \"cache\") at /www/wwwroot/dclaravel.telkomuniversity.ac.id/hosting-store/vendor/laravel/framework/src/Illuminate/Database/Connection.php:857)
[stacktrace]
#0 /www/wwwroot/dclaravel.telkomuniversity.ac.id/hosting-store/vendor/laravel/framework/src/Illuminate/Database/Connection.php(813): Illuminate\\Database\\Connection->runQueryCallback()
#1 /www/wwwroot/dclaravel.telkomuniversity.ac.id/hosting-store/vendor/laravel/framework/src/Illuminate/Database/Connection.php(614): Illuminate\\Database\\Connection->run()
#2 /www/wwwroot/dclaravel.telkomuniversity.ac.id/hosting-store/vendor/laravel/framework/src/Illuminate/Database/Connection.php(578): Illuminate\\Database\\Connection->affectingStatement()
#3 /www/wwwroot/dclaravel.telkomuniversity.ac.id/hosting-store/vendor/laravel/framework/src/Illuminate/Database/Query/Builder.php(4576): Illuminate\\Database\\Connection->delete()
#4 /www/wwwroot/dclaravel.telkomuniversity.ac.id/hosting-store/vendor/laravel/framework/src/Illuminate/Cache/DatabaseStore.php(450): Illuminate\\Database\\Query\\Builder->delete()
#5 /www/wwwroot/dclaravel.telkomuniversity.ac.id/hosting-store/vendor/laravel/framework/src/Illuminate/Cache/Repository.php(1086): Illuminate\\Cache\\DatabaseStore->flush()
#6 /www/wwwroot/dclaravel.telkomuniversity.ac.id/hosting-store/vendor/laravel/framework/src/Illuminate/Cache/Console/ClearCommand.php(81): Illuminate\\Cache\\Repository->__call()
#7 /www/wwwroot/dclaravel.telkomuniversity.ac.id/hosting-store/vendor/laravel/framework/src/Illuminate/Container/BoundMethod.php(36): Illuminate\\Cache\\Console\\ClearCommand->handle()
#8 /www/wwwroot/dclaravel.telkomuniversity.ac.id/hosting-store/vendor/laravel/framework/src/Illuminate/Container/Util.php(43): Illuminate\\Container\\BoundMethod::{closure:Illuminate\\Container\\BoundMethod::call():35}()
#9 /www/wwwroot/dclaravel.telkomuniversity.ac.id/hosting-store/vendor/laravel/framework/src/Illuminate/Container/BoundMethod.php(96): Illuminate\\Container\\Util::unwrapIfClosure()
#10 /www/wwwroot/dclaravel.telkomuniversity.ac.id/hosting-store/vendor/laravel/framework/src/Illuminate/Container/BoundMethod.php(35): Illuminate\\Container\\BoundMethod::callBoundMethod()
#11 /www/wwwroot/dclaravel.telkomuniversity.ac.id/hosting-store/vendor/laravel/framework/src/Illuminate/Container/Container.php(803): Illuminate\\Container\\BoundMethod::call()
#12 /www/wwwroot/dclaravel.telkomuniversity.ac.id/hosting-store/vendor/laravel/framework/src/Illuminate/Console/Command.php(292): Illuminate\\Container\\Container->call()
#13 /www/wwwroot/dclaravel.telkomuniversity.ac.id/hosting-store/vendor/symfony/console/Command/Command.php(285): Illuminate\\Console\\Command->execute()
#14 /www/wwwroot/dclaravel.telkomuniversity.ac.id/hosting-store/vendor/laravel/framework/src/Illuminate/Console/Command.php(261): Symfony\\Component\\Console\\Command\\Command->run()
#15 /www/wwwroot/dclaravel.telkomuniversity.ac.id/hosting-store/vendor/laravel/framework/src/Illuminate/Console/Concerns/CallsCommands.php(68): Illuminate\\Console\\Command->run()
#16 /www/wwwroot/dclaravel.telkomuniversity.ac.id/hosting-store/vendor/laravel/framework/src/Illuminate/Console/Concerns/CallsCommands.php(41): Illuminate\\Console\\Command->runCommand()
#17 /www/wwwroot/dclaravel.telkomuniversity.ac.id/hosting-store/vendor/laravel/framework/src/Illuminate/Console/Concerns/CallsCommands.php(53): Illuminate\\Console\\Command->callSilent()
#18 /www/wwwroot/dclaravel.telkomuniversity.ac.id/hosting-store/vendor/laravel/framework/src/Illuminate/Foundation/Console/OptimizeClearCommand.php(48): Illuminate\\Console\\Command->callSilently()
#19 /www/wwwroot/dclaravel.telkomuniversity.ac.id/hosting-store/vendor/laravel/framework/src/Illuminate/Console/View/Components/Task.php(43): Illuminate\\Foundation\\Console\\OptimizeClearCommand->{closure:Illuminate\\Foundation\\Console\\OptimizeClearCommand::handle():48}()
#20 /www/wwwroot/dclaravel.telkomuniversity.ac.id/hosting-store/vendor/laravel/framework/src/Illuminate/Console/View/Components/Factory.php(61): Illuminate\\Console\\View\\Components\\Task->render()
#21 /www/wwwroot/dclaravel.telkomuniversity.ac.id/hosting-store/vendor/laravel/framework/src/Illuminate/Foundation/Console/OptimizeClearCommand.php(48): Illuminate\\Console\\View\\Components\\Factory->__call()
#22 /www/wwwroot/dclaravel.telkomuniversity.ac.id/hosting-store/vendor/laravel/framework/src/Illuminate/Container/BoundMethod.php(36): Illuminate\\Foundation\\Console\\OptimizeClearCommand->handle()
#23 /www/wwwroot/dclaravel.telkomuniversity.ac.id/hosting-store/vendor/laravel/framework/src/Illuminate/Container/Util.php(43): Illuminate\\Container\\BoundMethod::{closure:Illuminate\\Container\\BoundMethod::call():35}()
#24 /www/wwwroot/dclaravel.telkomuniversity.ac.id/hosting-store/vendor/laravel/framework/src/Illuminate/Container/BoundMethod.php(96): Illuminate\\Container\\Util::unwrapIfClosure()
#25 /www/wwwroot/dclaravel.telkomuniversity.ac.id/hosting-store/vendor/laravel/framework/src/Illuminate/Container/BoundMethod.php(35): Illuminate\\Container\\BoundMethod::callBoundMethod()
#26 /www/wwwroot/dclaravel.telkomuniversity.ac.id/hosting-store/vendor/laravel/framework/src/Illuminate/Container/Container.php(803): Illuminate\\Container\\BoundMethod::call()
#27 /www/wwwroot/dclaravel.telkomuniversity.ac.id/hosting-store/vendor/laravel/framework/src/Illuminate/Console/Command.php(292): Illuminate\\Container\\Container->call()
#28 /www/wwwroot/dclaravel.telkomuniversity.ac.id/hosting-store/vendor/symfony/console/Command/Command.php(285): Illuminate\\Console\\Command->execute()
#29 /www/wwwroot/dclaravel.telkomuniversity.ac.id/hosting-store/vendor/laravel/framework/src/Illuminate/Console/Command.php(261): Symfony\\Component\\Console\\Command\\Command->run()
#30 /www/wwwroot/dclaravel.telkomuniversity.ac.id/hosting-store/vendor/symfony/console/Application.php(1144): Illuminate\\Console\\Command->run()
#31 /www/wwwroot/dclaravel.telkomuniversity.ac.id/hosting-store/vendor/symfony/console/Application.php(379): Symfony\\Component\\Console\\Application->doRunCommand()
#32 /www/wwwroot/dclaravel.telkomuniversity.ac.id/hosting-store/vendor/symfony/console/Application.php(218): Symfony\\Component\\Console\\Application->doRun()
#33 /www/wwwroot/dclaravel.telkomuniversity.ac.id/hosting-store/vendor/laravel/framework/src/Illuminate/Foundation/Console/Kernel.php(198): Symfony\\Component\\Console\\Application->run()
#34 /www/wwwroot/dclaravel.telkomuniversity.ac.id/hosting-store/vendor/laravel/framework/src/Illuminate/Foundation/Application.php(1242): Illuminate\\Foundation\\Console\\Kernel->handle()
#35 /www/wwwroot/dclaravel.telkomuniversity.ac.id/hosting-store/artisan(16): Illuminate\\Foundation\\Application->handleCommand()
#36 {main}

[previous exception] [object] (PDOException(code: HY000): SQLSTATE[HY000]: General error: 1 no such table: cache at /www/wwwroot/dclaravel.telkomuniversity.ac.id/hosting-store/vendor/laravel/framework/src/Illuminate/Database/Connection.php:622)
[stacktrace]
#0 /www/wwwroot/dclaravel.telkomuniversity.ac.id/hosting-store/vendor/laravel/framework/src/Illuminate/Database/Connection.php(622): PDO->prepare()
#1 /www/wwwroot/dclaravel.telkomuniversity.ac.id/hosting-store/vendor/laravel/framework/src/Illuminate/Database/Connection.php(846): Illuminate\\Database\\Connection->{closure:Illuminate\\Database\\Connection::affectingStatement():614}()
#2 /www/wwwroot/dclaravel.telkomuniversity.ac.id/hosting-store/vendor/laravel/framework/src/Illuminate/Database/Connection.php(813): Illuminate\\Database\\Connection->runQueryCallback()
#3 /www/wwwroot/dclaravel.telkomuniversity.ac.id/hosting-store/vendor/laravel/framework/src/Illuminate/Database/Connection.php(614): Illuminate\\Database\\Connection->run()
#4 /www/wwwroot/dclaravel.telkomuniversity.ac.id/hosting-store/vendor/laravel/framework/src/Illuminate/Database/Connection.php(578): Illuminate\\Database\\Connection->affectingStatement()
#5 /www/wwwroot/dclaravel.telkomuniversity.ac.id/hosting-store/vendor/laravel/framework/src/Illuminate/Database/Query/Builder.php(4576): Illuminate\\Database\\Connection->delete()
#6 /www/wwwroot/dclaravel.telkomuniversity.ac.id/hosting-store/vendor/laravel/framework/src/Illuminate/Cache/DatabaseStore.php(450): Illuminate\\Database\\Query\\Builder->delete()
#7 /www/wwwroot/dclaravel.telkomuniversity.ac.id/hosting-store/vendor/laravel/framework/src/Illuminate/Cache/Repository.php(1086): Illuminate\\Cache\\DatabaseStore->flush()
#8 /www/wwwroot/dclaravel.telkomuniversity.ac.id/hosting-store/vendor/laravel/framework/src/Illuminate/Cache/Console/ClearCommand.php(81): Illuminate\\Cache\\Repository->__call()
#9 /www/wwwroot/dclaravel.telkomuniversity.ac.id/hosting-store/vendor/laravel/framework/src/Illuminate/Container/BoundMethod.php(36): Illuminate\\Cache\\Console\\ClearCommand->handle()
#10 /www/wwwroot/dclaravel.telkomuniversity.ac.id/hosting-store/vendor/laravel/framework/src/Illuminate/Container/Util.php(43): Illuminate\\Container\\BoundMethod::{closure:Illuminate\\Container\\BoundMethod::call():35}()
#11 /www/wwwroot/dclaravel.telkomuniversity.ac.id/hosting-store/vendor/laravel/framework/src/Illuminate/Container/BoundMethod.php(96): Illuminate\\Container\\Util::unwrapIfClosure()
#12 /www/wwwroot/dclaravel.telkomuniversity.ac.id/hosting-store/vendor/laravel/framework/src/Illuminate/Container/BoundMethod.php(35): Illuminate\\Container\\BoundMethod::callBoundMethod()
#13 /www/wwwroot/dclaravel.telkomuniversity.ac.id/hosting-store/vendor/laravel/framework/src/Illuminate/Container/Container.php(803): Illuminate\\Container\\BoundMethod::call()
#14 /www/wwwroot/dclaravel.telkomuniversity.ac.id/hosting-store/vendor/laravel/framework/src/Illuminate/Console/Command.php(292): Illuminate\\Container\\Container->call()
#15 /www/wwwroot/dclaravel.telkomuniversity.ac.id/hosting-store/vendor/symfony/console/Command/Command.php(285): Illuminate\\Console\\Command->execute()
#16 /www/wwwroot/dclaravel.telkomuniversity.ac.id/hosting-store/vendor/laravel/framework/src/Illuminate/Console/Command.php(261): Symfony\\Component\\Console\\Command\\Command->run()
#17 /www/wwwroot/dclaravel.telkomuniversity.ac.id/hosting-store/vendor/laravel/framework/src/Illuminate/Console/Concerns/CallsCommands.php(68): Illuminate\\Console\\Command->run()
#18 /www/wwwroot/dclaravel.telkomuniversity.ac.id/hosting-store/vendor/laravel/framework/src/Illuminate/Console/Concerns/CallsCommands.php(41): Illuminate\\Console\\Command->runCommand()
#19 /www/wwwroot/dclaravel.telkomuniversity.ac.id/hosting-store/vendor/laravel/framework/src/Illuminate/Console/Concerns/CallsCommands.php(53): Illuminate\\Console\\Command->callSilent()
#20 /www/wwwroot/dclaravel.telkomuniversity.ac.id/hosting-store/vendor/laravel/framework/src/Illuminate/Foundation/Console/OptimizeClearCommand.php(48): Illuminate\\Console\\Command->callSilently()
#21 /www/wwwroot/dclaravel.telkomuniversity.ac.id/hosting-store/vendor/laravel/framework/src/Illuminate/Console/View/Components/Task.php(43): Illuminate\\Foundation\\Console\\OptimizeClearCommand->{closure:Illuminate\\Foundation\\Console\\OptimizeClearCommand::handle():48}()
#22 /www/wwwroot/dclaravel.telkomuniversity.ac.id/hosting-store/vendor/laravel/framework/src/Illuminate/Console/View/Components/Factory.php(61): Illuminate\\Console\\View\\Components\\Task->render()
#23 /www/wwwroot/dclaravel.telkomuniversity.ac.id/hosting-store/vendor/laravel/framework/src/Illuminate/Foundation/Console/OptimizeClearCommand.php(48): Illuminate\\Console\\View\\Components\\Factory->__call()
#24 /www/wwwroot/dclaravel.telkomuniversity.ac.id/hosting-store/vendor/laravel/framework/src/Illuminate/Container/BoundMethod.php(36): Illuminate\\Foundation\\Console\\OptimizeClearCommand->handle()
#25 /www/wwwroot/dclaravel.telkomuniversity.ac.id/hosting-store/vendor/laravel/framework/src/Illuminate/Container/Util.php(43): Illuminate\\Container\\BoundMethod::{closure:Illuminate\\Container\\BoundMethod::call():35}()
#26 /www/wwwroot/dclaravel.telkomuniversity.ac.id/hosting-store/vendor/laravel/framework/src/Illuminate/Container/BoundMethod.php(96): Illuminate\\Container\\Util::unwrapIfClosure()
#27 /www/wwwroot/dclaravel.telkomuniversity.ac.id/hosting-store/vendor/laravel/framework/src/Illuminate/Container/BoundMethod.php(35): Illuminate\\Container\\BoundMethod::callBoundMethod()
#28 /www/wwwroot/dclaravel.telkomuniversity.ac.id/hosting-store/vendor/laravel/framework/src/Illuminate/Container/Container.php(803): Illuminate\\Container\\BoundMethod::call()
#29 /www/wwwroot/dclaravel.telkomuniversity.ac.id/hosting-store/vendor/laravel/framework/src/Illuminate/Console/Command.php(292): Illuminate\\Container\\Container->call()
#30 /www/wwwroot/dclaravel.telkomuniversity.ac.id/hosting-store/vendor/symfony/console/Command/Command.php(285): Illuminate\\Console\\Command->execute()
#31 /www/wwwroot/dclaravel.telkomuniversity.ac.id/hosting-store/vendor/laravel/framework/src/Illuminate/Console/Command.php(261): Symfony\\Component\\Console\\Command\\Command->run()
#32 /www/wwwroot/dclaravel.telkomuniversity.ac.id/hosting-store/vendor/symfony/console/Application.php(1144): Illuminate\\Console\\Command->run()
#33 /www/wwwroot/dclaravel.telkomuniversity.ac.id/hosting-store/vendor/symfony/console/Application.php(379): Symfony\\Component\\Console\\Application->doRunCommand()
#34 /www/wwwroot/dclaravel.telkomuniversity.ac.id/hosting-store/vendor/symfony/console/Application.php(218): Symfony\\Component\\Console\\Application->doRun()
#35 /www/wwwroot/dclaravel.telkomuniversity.ac.id/hosting-store/vendor/laravel/framework/src/Illuminate/Foundation/Console/Kernel.php(198): Symfony\\Component\\Console\\Application->run()
#36 /www/wwwroot/dclaravel.telkomuniversity.ac.id/hosting-store/vendor/laravel/framework/src/Illuminate/Foundation/Application.php(1242): Illuminate\\Foundation\\Console\\Kernel->handle()
#37 /www/wwwroot/dclaravel.telkomuniversity.ac.id/hosting-store/artisan(16): Illuminate\\Foundation\\Application->handleCommand()
#38 {main}
"} 
[2026-09-10 08:38:30] local.ERROR: No application encryption key has been specified. {"exception":"[object] (Illuminate\\Encryption\\MissingAppKeyException(code: 0): No application encryption key has been specified. at /www/wwwroot/dclaravel.telkomuniversity.ac.id/hosting-store/vendor/laravel/framework/src/Illuminate/Encryption/EncryptionServiceProvider.php:83)
[stacktrace]
#0 /www/wwwroot/dclaravel.telkomuniversity.ac.id/hosting-store/vendor/laravel/framework/src/Illuminate/Support/helpers.php(393): Illuminate\\Encryption\\EncryptionServiceProvider->{closure:Illuminate\\Encryption\\EncryptionServiceProvider::key():81}()
#1 /www/wwwroot/dclaravel.telkomuniversity.ac.id/hosting-store/vendor/laravel/framework/src/Illuminate/Encryption/EncryptionServiceProvider.php(81): tap()
#2 /www/wwwroot/dclaravel.telkomuniversity.ac.id/hosting-store/vendor/laravel/framework/src/Illuminate/Encryption/EncryptionServiceProvider.php(64): Illuminate\\Encryption\\EncryptionServiceProvider->key()
#3 /www/wwwroot/dclaravel.telkomuniversity.ac.id/hosting-store/vendor/laravel/framework/src/Illuminate/Encryption/EncryptionServiceProvider.php(32): Illuminate\\Encryption\\EncryptionServiceProvider->parseKey()
#4 /www/wwwroot/dclaravel.telkomuniversity.ac.id/hosting-store/vendor/laravel/framework/src/Illuminate/Container/Container.php(1140): Illuminate\\Encryption\\EncryptionServiceProvider->{closure:Illuminate\\Encryption\\EncryptionServiceProvider::registerEncrypter():29}()
#5 /www/wwwroot/dclaravel.telkomuniversity.ac.id/hosting-store/vendor/laravel/framework/src/Illuminate/Container/Container.php(939): Illuminate\\Container\\Container->build()
#6 /www/wwwroot/dclaravel.telkomuniversity.ac.id/hosting-store/vendor/laravel/framework/src/Illuminate/Foundation/Application.php(1085): Illuminate\\Container\\Container->resolve()
#7 /www/wwwroot/dclaravel.telkomuniversity.ac.id/hosting-store/vendor/laravel/framework/src/Illuminate/Container/Container.php(867): Illuminate\\Foundation\\Application->resolve()
#8 /www/wwwroot/dclaravel.telkomuniversity.ac.id/hosting-store/vendor/laravel/framework/src/Illuminate/Foundation/Application.php(1065): Illuminate\\Container\\Container->make()
#9 /www/wwwroot/dclaravel.telkomuniversity.ac.id/hosting-store/vendor/laravel/framework/src/Illuminate/Container/Container.php(1363): Illuminate\\Foundation\\Application->make()
#10 /www/wwwroot/dclaravel.telkomuniversity.ac.id/hosting-store/vendor/laravel/framework/src/Illuminate/Container/Container.php(1264): Illuminate\\Container\\Container->resolveClass()
#11 /www/wwwroot/dclaravel.telkomuniversity.ac.id/hosting-store/vendor/laravel/framework/src/Illuminate/Container/Container.php(1187): Illuminate\\Container\\Container->resolveDependencies()
#12 /www/wwwroot/dclaravel.telkomuniversity.ac.id/hosting-store/vendor/laravel/framework/src/Illuminate/Container/Container.php(939): Illuminate\\Container\\Container->build()
#13 /www/wwwroot/dclaravel.telkomuniversity.ac.id/hosting-store/vendor/laravel/framework/src/Illuminate/Foundation/Application.php(1085): Illuminate\\Container\\Container->resolve()
#14 /www/wwwroot/dclaravel.telkomuniversity.ac.id/hosting-store/vendor/laravel/framework/src/Illuminate/Container/Container.php(867): Illuminate\\Foundation\\Application->resolve()
#15 /www/wwwroot/dclaravel.telkomuniversity.ac.id/hosting-store/vendor/laravel/framework/src/Illuminate/Foundation/Application.php(1065): Illuminate\\Container\\Container->make()
#16 /www/wwwroot/dclaravel.telkomuniversity.ac.id/hosting-store/vendor/laravel/framework/src/Illuminate/Pipeline/Pipeline.php(208): Illuminate\\Foundation\\Application->make()
#17 /www/wwwroot/dclaravel.telkomuniversity.ac.id/hosting-store/vendor/laravel/framework/src/Illuminate/Pipeline/Pipeline.php(137): Illuminate\\Pipeline\\Pipeline->{closure:{closure:Illuminate\\Pipeline\\Pipeline::carry():194}:195}()
#18 /www/wwwroot/dclaravel.telkomuniversity.ac.id/hosting-store/vendor/laravel/framework/src/Illuminate/Routing/Router.php(821): Illuminate\\Pipeline\\Pipeline->then()
#19 /www/wwwroot/dclaravel.telkomuniversity.ac.id/hosting-store/vendor/laravel/framework/src/Illuminate/Routing/Router.php(800): Illuminate\\Routing\\Router->runRouteWithinStack()
#20 /www/wwwroot/dclaravel.telkomuniversity.ac.id/hosting-store/vendor/laravel/framework/src/Illuminate/Routing/Router.php(764): Illuminate\\Routing\\Router->runRoute()
#21 /www/wwwroot/dclaravel.telkomuniversity.ac.id/hosting-store/vendor/laravel/framework/src/Illuminate/Routing/Router.php(753): Illuminate\\Routing\\Router->dispatchToRoute()
#22 /www/wwwroot/dclaravel.telkomuniversity.ac.id/hosting-store/vendor/laravel/framework/src/Illuminate/Foundation/Http/Kernel.php(200): Illuminate\\Routing\\Router->dispatch()
#23 /www/wwwroot/dclaravel.telkomuniversity.ac.id/hosting-store/vendor/laravel/framework/src/Illuminate/Pipeline/Pipeline.php(180): Illuminate\\Foundation\\Http\\Kernel->{closure:Illuminate\\Foundation\\Http\\Kernel::dispatchToRouter():197}()
#24 /www/wwwroot/dclaravel.telkomuniversity.ac.id/hosting-store/vendor/laravel/framework/src/Illuminate/Foundation/Http/Middleware/TransformsRequest.php(21): Illuminate\\Pipeline\\Pipeline->{closure:Illuminate\\Pipeline\\Pipeline::prepareDestination():178}()
#25 /www/wwwroot/dclaravel.telkomuniversity.ac.id/hosting-store/vendor/laravel/framework/src/Illuminate/Foundation/Http/Middleware/ConvertEmptyStringsToNull.php(31): Illuminate\\Foundation\\Http\\Middleware\\TransformsRequest->handle()
#26 /www/wwwroot/dclaravel.telkomuniversity.ac.id/hosting-store/vendor/laravel/framework/src/Illuminate/Pipeline/Pipeline.php(219): Illuminate\\Foundation\\Http\\Middleware\\ConvertEmptyStringsToNull->handle()
#27 /www/wwwroot/dclaravel.telkomuniversity.ac.id/hosting-store/vendor/laravel/framework/src/Illuminate/Foundation/Http/Middleware/TransformsRequest.php(21): Illuminate\\Pipeline\\Pipeline->{closure:{closure:Illuminate\\Pipeline\\Pipeline::carry():194}:195}()
#28 /www/wwwroot/dclaravel.telkomuniversity.ac.id/hosting-store/vendor/laravel/framework/src/Illuminate/Foundation/Http/Middleware/TrimStrings.php(51): Illuminate\\Foundation\\Http\\Middleware\\TransformsRequest->handle()
#29 /www/wwwroot/dclaravel.telkomuniversity.ac.id/hosting-store/vendor/laravel/framework/src/Illuminate/Pipeline/Pipeline.php(219): Illuminate\\Foundation\\Http\\Middleware\\TrimStrings->handle()
#30 /www/wwwroot/dclaravel.telkomuniversity.ac.id/hosting-store/vendor/laravel/framework/src/Illuminate/Http/Middleware/ValidatePostSize.php(27): Illuminate\\Pipeline\\Pipeline->{closure:{closure:Illuminate\\Pipeline\\Pipeline::carry():194}:195}()
#31 /www/wwwroot/dclaravel.telkomuniversity.ac.id/hosting-store/vendor/laravel/framework/src/Illuminate/Pipeline/Pipeline.php(219): Illuminate\\Http\\Middleware\\ValidatePostSize->handle()
#32 /www/wwwroot/dclaravel.telkomuniversity.ac.id/hosting-store/vendor/laravel/framework/src/Illuminate/Foundation/Http/Middleware/PreventRequestsDuringMaintenance.php(110): Illuminate\\Pipeline\\Pipeline->{closure:{closure:Illuminate\\Pipeline\\Pipeline::carry():194}:195}()
#33 /www/wwwroot/dclaravel.telkomuniversity.ac.id/hosting-store/vendor/laravel/framework/src/Illuminate/Pipeline/Pipeline.php(219): Illuminate\\Foundation\\Http\\Middleware\\PreventRequestsDuringMaintenance->handle()
#34 /www/wwwroot/dclaravel.telkomuniversity.ac.id/hosting-store/vendor/laravel/framework/src/Illuminate/Http/Middleware/HandleCors.php(61): Illuminate\\Pipeline\\Pipeline->{closure:{closure:Illuminate\\Pipeline\\Pipeline::carry():194}:195}()
#35 /www/wwwroot/dclaravel.telkomuniversity.ac.id/hosting-store/vendor/laravel/framework/src/Illuminate/Pipeline/Pipeline.php(219): Illuminate\\Http\\Middleware\\HandleCors->handle()
#36 /www/wwwroot/dclaravel.telkomuniversity.ac.id/hosting-store/vendor/laravel/framework/src/Illuminate/Http/Middleware/TrustProxies.php(58): Illuminate\\Pipeline\\Pipeline->{closure:{closure:Illuminate\\Pipeline\\Pipeline::carry():194}:195}()
#37 /www/wwwroot/dclaravel.telkomuniversity.ac.id/hosting-store/vendor/laravel/framework/src/Illuminate/Pipeline/Pipeline.php(219): Illuminate\\Http\\Middleware\\TrustProxies->handle()
#38 /www/wwwroot/dclaravel.telkomuniversity.ac.id/hosting-store/vendor/laravel/framework/src/Illuminate/Foundation/Http/Middleware/InvokeDeferredCallbacks.php(22): Illuminate\\Pipeline\\Pipeline->{closure:{closure:Illuminate\\Pipeline\\Pipeline::carry():194}:195}()
#39 /www/wwwroot/dclaravel.telkomuniversity.ac.id/hosting-store/vendor/laravel/framework/src/Illuminate/Pipeline/Pipeline.php(219): Illuminate\\Foundation\\Http\\Middleware\\InvokeDeferredCallbacks->handle()
#40 /www/wwwroot/dclaravel.telkomuniversity.ac.id/hosting-store/vendor/laravel/framework/src/Illuminate/Http/Middleware/ValidatePathEncoding.php(28): Illuminate\\Pipeline\\Pipeline->{closure:{closure:Illuminate\\Pipeline\\Pipeline::carry():194}:195}()
#41 /www/wwwroot/dclaravel.telkomuniversity.ac.id/hosting-store/vendor/laravel/framework/src/Illuminate/Pipeline/Pipeline.php(219): Illuminate\\Http\\Middleware\\ValidatePathEncoding->handle()
#42 /www/wwwroot/dclaravel.telkomuniversity.ac.id/hosting-store/vendor/laravel/framework/src/Illuminate/Pipeline/Pipeline.php(137): Illuminate\\Pipeline\\Pipeline->{closure:{closure:Illuminate\\Pipeline\\Pipeline::carry():194}:195}()
#43 /www/wwwroot/dclaravel.telkomuniversity.ac.id/hosting-store/vendor/laravel/framework/src/Illuminate/Foundation/Http/Kernel.php(175): Illuminate\\Pipeline\\Pipeline->then()
#44 /www/wwwroot/dclaravel.telkomuniversity.ac.id/hosting-store/vendor/laravel/framework/src/Illuminate/Foundation/Http/Kernel.php(144): Illuminate\\Foundation\\Http\\Kernel->sendRequestThroughRouter()
#45 /www/wwwroot/dclaravel.telkomuniversity.ac.id/hosting-store/vendor/laravel/framework/src/Illuminate/Foundation/Application.php(1227): Illuminate\\Foundation\\Http\\Kernel->handle()
#46 /www/wwwroot/dclaravel.telkomuniversity.ac.id/index.php(20): Illuminate\\Foundation\\Application->handleRequest()
#47 {main}
"} 
[2026-09-10 08:38:31] local.ERROR: No application encryption key has been specified. {"exception":"[object] (Illuminate\\Encryption\\MissingAppKeyException(code: 0): No application encryption key has been specified. at /www/wwwroot/dclaravel.telkomuniversity.ac.id/hosting-store/vendor/laravel/framework/src/Illuminate/Encryption/EncryptionServiceProvider.php:83)
[stacktrace]
#0 /www/wwwroot/dclaravel.telkomuniversity.ac.id/hosting-store/vendor/laravel/framework/src/Illuminate/Support/helpers.php(393): Illuminate\\Encryption\\EncryptionServiceProvider->{closure:Illuminate\\Encryption\\EncryptionServiceProvider::key():81}()
#1 /www/wwwroot/dclaravel.telkomuniversity.ac.id/hosting-store/vendor/laravel/framework/src/Illuminate/Encryption/EncryptionServiceProvider.php(81): tap()
#2 /www/wwwroot/dclaravel.telkomuniversity.ac.id/hosting-store/vendor/laravel/framework/src/Illuminate/Encryption/EncryptionServiceProvider.php(64): Illuminate\\Encryption\\EncryptionServiceProvider->key()
#3 /www/wwwroot/dclaravel.telkomuniversity.ac.id/hosting-store/vendor/laravel/framework/src/Illuminate/Encryption/EncryptionServiceProvider.php(32): Illuminate\\Encryption\\EncryptionServiceProvider->parseKey()
#4 /www/wwwroot/dclaravel.telkomuniversity.ac.id/hosting-store/vendor/laravel/framework/src/Illuminate/Container/Container.php(1140): Illuminate\\Encryption\\EncryptionServiceProvider->{closure:Illuminate\\Encryption\\EncryptionServiceProvider::registerEncrypter():29}()
#5 /www/wwwroot/dclaravel.telkomuniversity.ac.id/hosting-store/vendor/laravel/framework/src/Illuminate/Container/Container.php(939): Illuminate\\Container\\Container->build()
#6 /www/wwwroot/dclaravel.telkomuniversity.ac.id/hosting-store/vendor/laravel/framework/src/Illuminate/Foundation/Application.php(1085): Illuminate\\Container\\Container->resolve()
#7 /www/wwwroot/dclaravel.telkomuniversity.ac.id/hosting-store/vendor/laravel/framework/src/Illuminate/Container/Container.php(867): Illuminate\\Foundation\\Application->resolve()
#8 /www/wwwroot/dclaravel.telkomuniversity.ac.id/hosting-store/vendor/laravel/framework/src/Illuminate/Foundation/Application.php(1065): Illuminate\\Container\\Container->make()
#9 /www/wwwroot/dclaravel.telkomuniversity.ac.id/hosting-store/vendor/laravel/framework/src/Illuminate/Container/Container.php(1363): Illuminate\\Foundation\\Application->make()
#10 /www/wwwroot/dclaravel.telkomuniversity.ac.id/hosting-store/vendor/laravel/framework/src/Illuminate/Container/Container.php(1264): Illuminate\\Container\\Container->resolveClass()
#11 /www/wwwroot/dclaravel.telkomuniversity.ac.id/hosting-store/vendor/laravel/framework/src/Illuminate/Container/Container.php(1187): Illuminate\\Container\\Container->resolveDependencies()
#12 /www/wwwroot/dclaravel.telkomuniversity.ac.id/hosting-store/vendor/laravel/framework/src/Illuminate/Container/Container.php(939): Illuminate\\Container\\Container->build()
#13 /www/wwwroot/dclaravel.telkomuniversity.ac.id/hosting-store/vendor/laravel/framework/src/Illuminate/Foundation/Application.php(1085): Illuminate\\Container\\Container->resolve()
#14 /www/wwwroot/dclaravel.telkomuniversity.ac.id/hosting-store/vendor/laravel/framework/src/Illuminate/Container/Container.php(867): Illuminate\\Foundation\\Application->resolve()
#15 /www/wwwroot/dclaravel.telkomuniversity.ac.id/hosting-store/vendor/laravel/framework/src/Illuminate/Foundation/Application.php(1065): Illuminate\\Container\\Container->make()
#16 /www/wwwroot/dclaravel.telkomuniversity.ac.id/hosting-store/vendor/laravel/framework/src/Illuminate/Foundation/Http/Kernel.php(257): Illuminate\\Foundation\\Application->make()
#17 /www/wwwroot/dclaravel.telkomuniversity.ac.id/hosting-store/vendor/laravel/framework/src/Illuminate/Foundation/Http/Kernel.php(215): Illuminate\\Foundation\\Http\\Kernel->terminateMiddleware()
#18 /www/wwwroot/dclaravel.telkomuniversity.ac.id/hosting-store/vendor/laravel/framework/src/Illuminate/Foundation/Application.php(1229): Illuminate\\Foundation\\Http\\Kernel->terminate()
#19 /www/wwwroot/dclaravel.telkomuniversity.ac.id/index.php(20): Illuminate\\Foundation\\Application->handleRequest()
#20 {main}
"} 
[2026-09-10 08:38:31] local.ERROR: Uncaught ErrorException: Cannot modify header information - headers already sent by (output started at /www/wwwroot/dclaravel.telkomuniversity.ac.id/hosting-store/vendor/symfony/http-foundation/Response.php:393) in /www/wwwroot/dclaravel.telkomuniversity.ac.id/hosting-store/vendor/symfony/http-foundation/Response.php:328
Stack trace:
#0 /www/wwwroot/dclaravel.telkomuniversity.ac.id/hosting-store/vendor/laravel/framework/src/Illuminate/Foundation/Bootstrap/HandleExceptions.php(265): Illuminate\Foundation\Bootstrap\HandleExceptions->handleError()
#1 [internal function]: Illuminate\Foundation\Bootstrap\HandleExceptions->{closure:Illuminate\Foundation\Bootstrap\HandleExceptions::forwardsTo():264}()
#2 /www/wwwroot/dclaravel.telkomuniversity.ac.id/hosting-store/vendor/symfony/http-foundation/Response.php(328): header()
#3 /www/wwwroot/dclaravel.telkomuniversity.ac.id/hosting-store/vendor/symfony/http-foundation/Response.php(407): Symfony\Component\HttpFoundation\Response->sendHeaders()
#4 /www/wwwroot/dclaravel.telkomuniversity.ac.id/hosting-store/vendor/laravel/framework/src/Illuminate/Foundation/Bootstrap/HandleExceptions.php(228): Symfony\Component\HttpFoundation\Response->send()
#5 /www/wwwroot/dclaravel.telkomuniversity.ac.id/hosting-store/vendor/laravel/framework/src/Illuminate/Foundation/Bootstrap/HandleExceptions.php(205): Illuminate\Foundation\Bootstrap\HandleExceptions->renderHttpResponse()
#6 /www/wwwroot/dclaravel.telkomuniversity.ac.id/hosting-store/vendor/laravel/framework/src/Illuminate/Foundation/Bootstrap/HandleExceptions.php(265): Illuminate\Foundation\Bootstrap\HandleExceptions->handleException()
#7 [internal function]: Illuminate\Foundation\Bootstrap\HandleExceptions->{closure:Illuminate\Foundation\Bootstrap\HandleExceptions::forwardsTo():264}()
#8 {main}
  thrown {"exception":"[object] (Symfony\\Component\\ErrorHandler\\Error\\FatalError(code: 0): Uncaught ErrorException: Cannot modify header information - headers already sent by (output started at /www/wwwroot/dclaravel.telkomuniversity.ac.id/hosting-store/vendor/symfony/http-foundation/Response.php:393) in /www/wwwroot/dclaravel.telkomuniversity.ac.id/hosting-store/vendor/symfony/http-foundation/Response.php:328
Stack trace:
#0 /www/wwwroot/dclaravel.telkomuniversity.ac.id/hosting-store/vendor/laravel/framework/src/Illuminate/Foundation/Bootstrap/HandleExceptions.php(265): Illuminate\\Foundation\\Bootstrap\\HandleExceptions->handleError()
#1 [internal function]: Illuminate\\Foundation\\Bootstrap\\HandleExceptions->{closure:Illuminate\\Foundation\\Bootstrap\\HandleExceptions::forwardsTo():264}()
#2 /www/wwwroot/dclaravel.telkomuniversity.ac.id/hosting-store/vendor/symfony/http-foundation/Response.php(328): header()
#3 /www/wwwroot/dclaravel.telkomuniversity.ac.id/hosting-store/vendor/symfony/http-foundation/Response.php(407): Symfony\\Component\\HttpFoundation\\Response->sendHeaders()
#4 /www/wwwroot/dclaravel.telkomuniversity.ac.id/hosting-store/vendor/laravel/framework/src/Illuminate/Foundation/Bootstrap/HandleExceptions.php(228): Symfony\\Component\\HttpFoundation\\Response->send()
#5 /www/wwwroot/dclaravel.telkomuniversity.ac.id/hosting-store/vendor/laravel/framework/src/Illuminate/Foundation/Bootstrap/HandleExceptions.php(205): Illuminate\\Foundation\\Bootstrap\\HandleExceptions->renderHttpResponse()
#6 /www/wwwroot/dclaravel.telkomuniversity.ac.id/hosting-store/vendor/laravel/framework/src/Illuminate/Foundation/Bootstrap/HandleExceptions.php(265): Illuminate\\Foundation\\Bootstrap\\HandleExceptions->handleException()
#7 [internal function]: Illuminate\\Foundation\\Bootstrap\\HandleExceptions->{closure:Illuminate\\Foundation\\Bootstrap\\HandleExceptions::forwardsTo():264}()
#8 {main}
  thrown at /www/wwwroot/dclaravel.telkomuniversity.ac.id/hosting-store/vendor/symfony/http-foundation/Response.php:328)
[stacktrace]
#0 {main}
"} 
[2026-09-10 08:39:02] local.ERROR: No application encryption key has been specified. {"exception":"[object] (Illuminate\\Encryption\\MissingAppKeyException(code: 0): No application encryption key has been specified. at /www/wwwroot/dclaravel.telkomuniversity.ac.id/hosting-store/vendor/laravel/framework/src/Illuminate/Encryption/EncryptionServiceProvider.php:83)
[stacktrace]
#0 /www/wwwroot/dclaravel.telkomuniversity.ac.id/hosting-store/vendor/laravel/framework/src/Illuminate/Support/helpers.php(393): Illuminate\\Encryption\\EncryptionServiceProvider->{closure:Illuminate\\Encryption\\EncryptionServiceProvider::key():81}()
#1 /www/wwwroot/dclaravel.telkomuniversity.ac.id/hosting-store/vendor/laravel/framework/src/Illuminate/Encryption/EncryptionServiceProvider.php(81): tap()
#2 /www/wwwroot/dclaravel.telkomuniversity.ac.id/hosting-store/vendor/laravel/framework/src/Illuminate/Encryption/EncryptionServiceProvider.php(64): Illuminate\\Encryption\\EncryptionServiceProvider->key()
#3 /www/wwwroot/dclaravel.telkomuniversity.ac.id/hosting-store/vendor/laravel/framework/src/Illuminate/Encryption/EncryptionServiceProvider.php(32): Illuminate\\Encryption\\EncryptionServiceProvider->parseKey()
#4 /www/wwwroot/dclaravel.telkomuniversity.ac.id/hosting-store/vendor/laravel/framework/src/Illuminate/Container/Container.php(1140): Illuminate\\Encryption\\EncryptionServiceProvider->{closure:Illuminate\\Encryption\\EncryptionServiceProvider::registerEncrypter():29}()
#5 /www/wwwroot/dclaravel.telkomuniversity.ac.id/hosting-store/vendor/laravel/framework/src/Illuminate/Container/Container.php(939): Illuminate\\Container\\Container->build()
#6 /www/wwwroot/dclaravel.telkomuniversity.ac.id/hosting-store/vendor/laravel/framework/src/Illuminate/Foundation/Application.php(1085): Illuminate\\Container\\Container->resolve()
#7 /www/wwwroot/dclaravel.telkomuniversity.ac.id/hosting-store/vendor/laravel/framework/src/Illuminate/Container/Container.php(867): Illuminate\\Foundation\\Application->resolve()
#8 /www/wwwroot/dclaravel.telkomuniversity.ac.id/hosting-store/vendor/laravel/framework/src/Illuminate/Foundation/Application.php(1065): Illuminate\\Container\\Container->make()
#9 /www/wwwroot/dclaravel.telkomuniversity.ac.id/hosting-store/vendor/laravel/framework/src/Illuminate/Container/Container.php(1363): Illuminate\\Foundation\\Application->make()
#10 /www/wwwroot/dclaravel.telkomuniversity.ac.id/hosting-store/vendor/laravel/framework/src/Illuminate/Container/Container.php(1264): Illuminate\\Container\\Container->resolveClass()
#11 /www/wwwroot/dclaravel.telkomuniversity.ac.id/hosting-store/vendor/laravel/framework/src/Illuminate/Container/Container.php(1187): Illuminate\\Container\\Container->resolveDependencies()
#12 /www/wwwroot/dclaravel.telkomuniversity.ac.id/hosting-store/vendor/laravel/framework/src/Illuminate/Container/Container.php(939): Illuminate\\Container\\Container->build()
#13 /www/wwwroot/dclaravel.telkomuniversity.ac.id/hosting-store/vendor/laravel/framework/src/Illuminate/Foundation/Application.php(1085): Illuminate\\Container\\Container->resolve()
#14 /www/wwwroot/dclaravel.telkomuniversity.ac.id/hosting-store/vendor/laravel/framework/src/Illuminate/Container/Container.php(867): Illuminate\\Foundation\\Application->resolve()
#15 /www/wwwroot/dclaravel.telkomuniversity.ac.id/hosting-store/vendor/laravel/framework/src/Illuminate/Foundation/Application.php(1065): Illuminate\\Container\\Container->make()
#16 /www/wwwroot/dclaravel.telkomuniversity.ac.id/hosting-store/vendor/laravel/framework/src/Illuminate/Pipeline/Pipeline.php(208): Illuminate\\Foundation\\Application->make()
#17 /www/wwwroot/dclaravel.telkomuniversity.ac.id/hosting-store/vendor/laravel/framework/src/Illuminate/Pipeline/Pipeline.php(137): Illuminate\\Pipeline\\Pipeline->{closure:{closure:Illuminate\\Pipeline\\Pipeline::carry():194}:195}()
#18 /www/wwwroot/dclaravel.telkomuniversity.ac.id/hosting-store/vendor/laravel/framework/src/Illuminate/Routing/Router.php(821): Illuminate\\Pipeline\\Pipeline->then()
#19 /www/wwwroot/dclaravel.telkomuniversity.ac.id/hosting-store/vendor/laravel/framework/src/Illuminate/Routing/Router.php(800): Illuminate\\Routing\\Router->runRouteWithinStack()
#20 /www/wwwroot/dclaravel.telkomuniversity.ac.id/hosting-store/vendor/laravel/framework/src/Illuminate/Routing/Router.php(764): Illuminate\\Routing\\Router->runRoute()
#21 /www/wwwroot/dclaravel.telkomuniversity.ac.id/hosting-store/vendor/laravel/framework/src/Illuminate/Routing/Router.php(753): Illuminate\\Routing\\Router->dispatchToRoute()
#22 /www/wwwroot/dclaravel.telkomuniversity.ac.id/hosting-store/vendor/laravel/framework/src/Illuminate/Foundation/Http/Kernel.php(200): Illuminate\\Routing\\Router->dispatch()
#23 /www/wwwroot/dclaravel.telkomuniversity.ac.id/hosting-store/vendor/laravel/framework/src/Illuminate/Pipeline/Pipeline.php(180): Illuminate\\Foundation\\Http\\Kernel->{closure:Illuminate\\Foundation\\Http\\Kernel::dispatchToRouter():197}()
#24 /www/wwwroot/dclaravel.telkomuniversity.ac.id/hosting-store/vendor/laravel/framework/src/Illuminate/Foundation/Http/Middleware/TransformsRequest.php(21): Illuminate\\Pipeline\\Pipeline->{closure:Illuminate\\Pipeline\\Pipeline::prepareDestination():178}()
#25 /www/wwwroot/dclaravel.telkomuniversity.ac.id/hosting-store/vendor/laravel/framework/src/Illuminate/Foundation/Http/Middleware/ConvertEmptyStringsToNull.php(31): Illuminate\\Foundation\\Http\\Middleware\\TransformsRequest->handle()
#26 /www/wwwroot/dclaravel.telkomuniversity.ac.id/hosting-store/vendor/laravel/framework/src/Illuminate/Pipeline/Pipeline.php(219): Illuminate\\Foundation\\Http\\Middleware\\ConvertEmptyStringsToNull->handle()
#27 /www/wwwroot/dclaravel.telkomuniversity.ac.id/hosting-store/vendor/laravel/framework/src/Illuminate/Foundation/Http/Middleware/TransformsRequest.php(21): Illuminate\\Pipeline\\Pipeline->{closure:{closure:Illuminate\\Pipeline\\Pipeline::carry():194}:195}()
#28 /www/wwwroot/dclaravel.telkomuniversity.ac.id/hosting-store/vendor/laravel/framework/src/Illuminate/Foundation/Http/Middleware/TrimStrings.php(51): Illuminate\\Foundation\\Http\\Middleware\\TransformsRequest->handle()
#29 /www/wwwroot/dclaravel.telkomuniversity.ac.id/hosting-store/vendor/laravel/framework/src/Illuminate/Pipeline/Pipeline.php(219): Illuminate\\Foundation\\Http\\Middleware\\TrimStrings->handle()
#30 /www/wwwroot/dclaravel.telkomuniversity.ac.id/hosting-store/vendor/laravel/framework/src/Illuminate/Http/Middleware/ValidatePostSize.php(27): Illuminate\\Pipeline\\Pipeline->{closure:{closure:Illuminate\\Pipeline\\Pipeline::carry():194}:195}()
#31 /www/wwwroot/dclaravel.telkomuniversity.ac.id/hosting-store/vendor/laravel/framework/src/Illuminate/Pipeline/Pipeline.php(219): Illuminate\\Http\\Middleware\\ValidatePostSize->handle()
#32 /www/wwwroot/dclaravel.telkomuniversity.ac.id/hosting-store/vendor/laravel/framework/src/Illuminate/Foundation/Http/Middleware/PreventRequestsDuringMaintenance.php(110): Illuminate\\Pipeline\\Pipeline->{closure:{closure:Illuminate\\Pipeline\\Pipeline::carry():194}:195}()
#33 /www/wwwroot/dclaravel.telkomuniversity.ac.id/hosting-store/vendor/laravel/framework/src/Illuminate/Pipeline/Pipeline.php(219): Illuminate\\Foundation\\Http\\Middleware\\PreventRequestsDuringMaintenance->handle()
#34 /www/wwwroot/dclaravel.telkomuniversity.ac.id/hosting-store/vendor/laravel/framework/src/Illuminate/Http/Middleware/HandleCors.php(61): Illuminate\\Pipeline\\Pipeline->{closure:{closure:Illuminate\\Pipeline\\Pipeline::carry():194}:195}()
#35 /www/wwwroot/dclaravel.telkomuniversity.ac.id/hosting-store/vendor/laravel/framework/src/Illuminate/Pipeline/Pipeline.php(219): Illuminate\\Http\\Middleware\\HandleCors->handle()
#36 /www/wwwroot/dclaravel.telkomuniversity.ac.id/hosting-store/vendor/laravel/framework/src/Illuminate/Http/Middleware/TrustProxies.php(58): Illuminate\\Pipeline\\Pipeline->{closure:{closure:Illuminate\\Pipeline\\Pipeline::carry():194}:195}()
#37 /www/wwwroot/dclaravel.telkomuniversity.ac.id/hosting-store/vendor/laravel/framework/src/Illuminate/Pipeline/Pipeline.php(219): Illuminate\\Http\\Middleware\\TrustProxies->handle()
#38 /www/wwwroot/dclaravel.telkomuniversity.ac.id/hosting-store/vendor/laravel/framework/src/Illuminate/Foundation/Http/Middleware/InvokeDeferredCallbacks.php(22): Illuminate\\Pipeline\\Pipeline->{closure:{closure:Illuminate\\Pipeline\\Pipeline::carry():194}:195}()
#39 /www/wwwroot/dclaravel.telkomuniversity.ac.id/hosting-store/vendor/laravel/framework/src/Illuminate/Pipeline/Pipeline.php(219): Illuminate\\Foundation\\Http\\Middleware\\InvokeDeferredCallbacks->handle()
#40 /www/wwwroot/dclaravel.telkomuniversity.ac.id/hosting-store/vendor/laravel/framework/src/Illuminate/Http/Middleware/ValidatePathEncoding.php(28): Illuminate\\Pipeline\\Pipeline->{closure:{closure:Illuminate\\Pipeline\\Pipeline::carry():194}:195}()
#41 /www/wwwroot/dclaravel.telkomuniversity.ac.id/hosting-store/vendor/laravel/framework/src/Illuminate/Pipeline/Pipeline.php(219): Illuminate\\Http\\Middleware\\ValidatePathEncoding->handle()
#42 /www/wwwroot/dclaravel.telkomuniversity.ac.id/hosting-store/vendor/laravel/framework/src/Illuminate/Pipeline/Pipeline.php(137): Illuminate\\Pipeline\\Pipeline->{closure:{closure:Illuminate\\Pipeline\\Pipeline::carry():194}:195}()
#43 /www/wwwroot/dclaravel.telkomuniversity.ac.id/hosting-store/vendor/laravel/framework/src/Illuminate/Foundation/Http/Kernel.php(175): Illuminate\\Pipeline\\Pipeline->then()
#44 /www/wwwroot/dclaravel.telkomuniversity.ac.id/hosting-store/vendor/laravel/framework/src/Illuminate/Foundation/Http/Kernel.php(144): Illuminate\\Foundation\\Http\\Kernel->sendRequestThroughRouter()
#45 /www/wwwroot/dclaravel.telkomuniversity.ac.id/hosting-store/vendor/laravel/framework/src/Illuminate/Foundation/Application.php(1227): Illuminate\\Foundation\\Http\\Kernel->handle()
#46 /www/wwwroot/dclaravel.telkomuniversity.ac.id/index.php(20): Illuminate\\Foundation\\Application->handleRequest()
#47 {main}
"} 
[2026-09-10 08:39:02] local.ERROR: No application encryption key has been specified. {"exception":"[object] (Illuminate\\Encryption\\MissingAppKeyException(code: 0): No application encryption key has been specified. at /www/wwwroot/dclaravel.telkomuniversity.ac.id/hosting-store/vendor/laravel/framework/src/Illuminate/Encryption/EncryptionServiceProvider.php:83)
[stacktrace]
#0 /www/wwwroot/dclaravel.telkomuniversity.ac.id/hosting-store/vendor/laravel/framework/src/Illuminate/Support/helpers.php(393): Illuminate\\Encryption\\EncryptionServiceProvider->{closure:Illuminate\\Encryption\\EncryptionServiceProvider::key():81}()
#1 /www/wwwroot/dclaravel.telkomuniversity.ac.id/hosting-store/vendor/laravel/framework/src/Illuminate/Encryption/EncryptionServiceProvider.php(81): tap()
#2 /www/wwwroot/dclaravel.telkomuniversity.ac.id/hosting-store/vendor/laravel/framework/src/Illuminate/Encryption/EncryptionServiceProvider.php(64): Illuminate\\Encryption\\EncryptionServiceProvider->key()
#3 /www/wwwroot/dclaravel.telkomuniversity.ac.id/hosting-store/vendor/laravel/framework/src/Illuminate/Encryption/EncryptionServiceProvider.php(32): Illuminate\\Encryption\\EncryptionServiceProvider->parseKey()
#4 /www/wwwroot/dclaravel.telkomuniversity.ac.id/hosting-store/vendor/laravel/framework/src/Illuminate/Container/Container.php(1140): Illuminate\\Encryption\\EncryptionServiceProvider->{closure:Illuminate\\Encryption\\EncryptionServiceProvider::registerEncrypter():29}()
#5 /www/wwwroot/dclaravel.telkomuniversity.ac.id/hosting-store/vendor/laravel/framework/src/Illuminate/Container/Container.php(939): Illuminate\\Container\\Container->build()
#6 /www/wwwroot/dclaravel.telkomuniversity.ac.id/hosting-store/vendor/laravel/framework/src/Illuminate/Foundation/Application.php(1085): Illuminate\\Container\\Container->resolve()
#7 /www/wwwroot/dclaravel.telkomuniversity.ac.id/hosting-store/vendor/laravel/framework/src/Illuminate/Container/Container.php(867): Illuminate\\Foundation\\Application->resolve()
#8 /www/wwwroot/dclaravel.telkomuniversity.ac.id/hosting-store/vendor/laravel/framework/src/Illuminate/Foundation/Application.php(1065): Illuminate\\Container\\Container->make()
#9 /www/wwwroot/dclaravel.telkomuniversity.ac.id/hosting-store/vendor/laravel/framework/src/Illuminate/Container/Container.php(1363): Illuminate\\Foundation\\Application->make()
#10 /www/wwwroot/dclaravel.telkomuniversity.ac.id/hosting-store/vendor/laravel/framework/src/Illuminate/Container/Container.php(1264): Illuminate\\Container\\Container->resolveClass()
#11 /www/wwwroot/dclaravel.telkomuniversity.ac.id/hosting-store/vendor/laravel/framework/src/Illuminate/Container/Container.php(1187): Illuminate\\Container\\Container->resolveDependencies()
#12 /www/wwwroot/dclaravel.telkomuniversity.ac.id/hosting-store/vendor/laravel/framework/src/Illuminate/Container/Container.php(939): Illuminate\\Container\\Container->build()
#13 /www/wwwroot/dclaravel.telkomuniversity.ac.id/hosting-store/vendor/laravel/framework/src/Illuminate/Foundation/Application.php(1085): Illuminate\\Container\\Container->resolve()
#14 /www/wwwroot/dclaravel.telkomuniversity.ac.id/hosting-store/vendor/laravel/framework/src/Illuminate/Container/Container.php(867): Illuminate\\Foundation\\Application->resolve()
#15 /www/wwwroot/dclaravel.telkomuniversity.ac.id/hosting-store/vendor/laravel/framework/src/Illuminate/Foundation/Application.php(1065): Illuminate\\Container\\Container->make()
#16 /www/wwwroot/dclaravel.telkomuniversity.ac.id/hosting-store/vendor/laravel/framework/src/Illuminate/Foundation/Http/Kernel.php(257): Illuminate\\Foundation\\Application->make()
#17 /www/wwwroot/dclaravel.telkomuniversity.ac.id/hosting-store/vendor/laravel/framework/src/Illuminate/Foundation/Http/Kernel.php(215): Illuminate\\Foundation\\Http\\Kernel->terminateMiddleware()
#18 /www/wwwroot/dclaravel.telkomuniversity.ac.id/hosting-store/vendor/laravel/framework/src/Illuminate/Foundation/Application.php(1229): Illuminate\\Foundation\\Http\\Kernel->terminate()
#19 /www/wwwroot/dclaravel.telkomuniversity.ac.id/index.php(20): Illuminate\\Foundation\\Application->handleRequest()
#20 {main}
"} 
[2026-09-10 08:39:03] local.ERROR: Uncaught ErrorException: Cannot modify header information - headers already sent by (output started at /www/wwwroot/dclaravel.telkomuniversity.ac.id/hosting-store/vendor/symfony/http-foundation/Response.php:393) in /www/wwwroot/dclaravel.telkomuniversity.ac.id/hosting-store/vendor/symfony/http-foundation/Response.php:328
Stack trace:
#0 /www/wwwroot/dclaravel.telkomuniversity.ac.id/hosting-store/vendor/laravel/framework/src/Illuminate/Foundation/Bootstrap/HandleExceptions.php(265): Illuminate\Foundation\Bootstrap\HandleExceptions->handleError()
#1 [internal function]: Illuminate\Foundation\Bootstrap\HandleExceptions->{closure:Illuminate\Foundation\Bootstrap\HandleExceptions::forwardsTo():264}()
#2 /www/wwwroot/dclaravel.telkomuniversity.ac.id/hosting-store/vendor/symfony/http-foundation/Response.php(328): header()
#3 /www/wwwroot/dclaravel.telkomuniversity.ac.id/hosting-store/vendor/symfony/http-foundation/Response.php(407): Symfony\Component\HttpFoundation\Response->sendHeaders()
#4 /www/wwwroot/dclaravel.telkomuniversity.ac.id/hosting-store/vendor/laravel/framework/src/Illuminate/Foundation/Bootstrap/HandleExceptions.php(228): Symfony\Component\HttpFoundation\Response->send()
#5 /www/wwwroot/dclaravel.telkomuniversity.ac.id/hosting-store/vendor/laravel/framework/src/Illuminate/Foundation/Bootstrap/HandleExceptions.php(205): Illuminate\Foundation\Bootstrap\HandleExceptions->renderHttpResponse()
#6 /www/wwwroot/dclaravel.telkomuniversity.ac.id/hosting-store/vendor/laravel/framework/src/Illuminate/Foundation/Bootstrap/HandleExceptions.php(265): Illuminate\Foundation\Bootstrap\HandleExceptions->handleException()
#7 [internal function]: Illuminate\Foundation\Bootstrap\HandleExceptions->{closure:Illuminate\Foundation\Bootstrap\HandleExceptions::forwardsTo():264}()
#8 {main}
  thrown {"exception":"[object] (Symfony\\Component\\ErrorHandler\\Error\\FatalError(code: 0): Uncaught ErrorException: Cannot modify header information - headers already sent by (output started at /www/wwwroot/dclaravel.telkomuniversity.ac.id/hosting-store/vendor/symfony/http-foundation/Response.php:393) in /www/wwwroot/dclaravel.telkomuniversity.ac.id/hosting-store/vendor/symfony/http-foundation/Response.php:328
Stack trace:
#0 /www/wwwroot/dclaravel.telkomuniversity.ac.id/hosting-store/vendor/laravel/framework/src/Illuminate/Foundation/Bootstrap/HandleExceptions.php(265): Illuminate\\Foundation\\Bootstrap\\HandleExceptions->handleError()
#1 [internal function]: Illuminate\\Foundation\\Bootstrap\\HandleExceptions->{closure:Illuminate\\Foundation\\Bootstrap\\HandleExceptions::forwardsTo():264}()
#2 /www/wwwroot/dclaravel.telkomuniversity.ac.id/hosting-store/vendor/symfony/http-foundation/Response.php(328): header()
#3 /www/wwwroot/dclaravel.telkomuniversity.ac.id/hosting-store/vendor/symfony/http-foundation/Response.php(407): Symfony\\Component\\HttpFoundation\\Response->sendHeaders()
#4 /www/wwwroot/dclaravel.telkomuniversity.ac.id/hosting-store/vendor/laravel/framework/src/Illuminate/Foundation/Bootstrap/HandleExceptions.php(228): Symfony\\Component\\HttpFoundation\\Response->send()
#5 /www/wwwroot/dclaravel.telkomuniversity.ac.id/hosting-store/vendor/laravel/framework/src/Illuminate/Foundation/Bootstrap/HandleExceptions.php(205): Illuminate\\Foundation\\Bootstrap\\HandleExceptions->renderHttpResponse()
#6 /www/wwwroot/dclaravel.telkomuniversity.ac.id/hosting-store/vendor/laravel/framework/src/Illuminate/Foundation/Bootstrap/HandleExceptions.php(265): Illuminate\\Foundation\\Bootstrap\\HandleExceptions->handleException()
#7 [internal function]: Illuminate\\Foundation\\Bootstrap\\HandleExceptions->{closure:Illuminate\\Foundation\\Bootstrap\\HandleExceptions::forwardsTo():264}()
#8 {main}
  thrown at /www/wwwroot/dclaravel.telkomuniversity.ac.id/hosting-store/vendor/symfony/http-foundation/Response.php:328)
[stacktrace]
#0 {main}
"} 
[2026-09-10 08:39:38] local.ERROR: No application encryption key has been specified. {"exception":"[object] (Illuminate\\Encryption\\MissingAppKeyException(code: 0): No application encryption key has been specified. at /www/wwwroot/dclaravel.telkomuniversity.ac.id/hosting-store/vendor/laravel/framework/src/Illuminate/Encryption/EncryptionServiceProvider.php:83)
[stacktrace]
#0 /www/wwwroot/dclaravel.telkomuniversity.ac.id/hosting-store/vendor/laravel/framework/src/Illuminate/Support/helpers.php(393): Illuminate\\Encryption\\EncryptionServiceProvider->{closure:Illuminate\\Encryption\\EncryptionServiceProvider::key():81}()
#1 /www/wwwroot/dclaravel.telkomuniversity.ac.id/hosting-store/vendor/laravel/framework/src/Illuminate/Encryption/EncryptionServiceProvider.php(81): tap()
#2 /www/wwwroot/dclaravel.telkomuniversity.ac.id/hosting-store/vendor/laravel/framework/src/Illuminate/Encryption/EncryptionServiceProvider.php(64): Illuminate\\Encryption\\EncryptionServiceProvider->key()
#3 /www/wwwroot/dclaravel.telkomuniversity.ac.id/hosting-store/vendor/laravel/framework/src/Illuminate/Encryption/EncryptionServiceProvider.php(32): Illuminate\\Encryption\\EncryptionServiceProvider->parseKey()
#4 /www/wwwroot/dclaravel.telkomuniversity.ac.id/hosting-store/vendor/laravel/framework/src/Illuminate/Container/Container.php(1140): Illuminate\\Encryption\\EncryptionServiceProvider->{closure:Illuminate\\Encryption\\EncryptionServiceProvider::registerEncrypter():29}()
#5 /www/wwwroot/dclaravel.telkomuniversity.ac.id/hosting-store/vendor/laravel/framework/src/Illuminate/Container/Container.php(939): Illuminate\\Container\\Container->build()
#6 /www/wwwroot/dclaravel.telkomuniversity.ac.id/hosting-store/vendor/laravel/framework/src/Illuminate/Foundation/Application.php(1085): Illuminate\\Container\\Container->resolve()
#7 /www/wwwroot/dclaravel.telkomuniversity.ac.id/hosting-store/vendor/laravel/framework/src/Illuminate/Container/Container.php(867): Illuminate\\Foundation\\Application->resolve()
#8 /www/wwwroot/dclaravel.telkomuniversity.ac.id/hosting-store/vendor/laravel/framework/src/Illuminate/Foundation/Application.php(1065): Illuminate\\Container\\Container->make()
#9 /www/wwwroot/dclaravel.telkomuniversity.ac.id/hosting-store/vendor/laravel/framework/src/Illuminate/Container/Container.php(1363): Illuminate\\Foundation\\Application->make()
#10 /www/wwwroot/dclaravel.telkomuniversity.ac.id/hosting-store/vendor/laravel/framework/src/Illuminate/Container/Container.php(1264): Illuminate\\Container\\Container->resolveClass()
#11 /www/wwwroot/dclaravel.telkomuniversity.ac.id/hosting-store/vendor/laravel/framework/src/Illuminate/Container/Container.php(1187): Illuminate\\Container\\Container->resolveDependencies()
#12 /www/wwwroot/dclaravel.telkomuniversity.ac.id/hosting-store/vendor/laravel/framework/src/Illuminate/Container/Container.php(939): Illuminate\\Container\\Container->build()
#13 /www/wwwroot/dclaravel.telkomuniversity.ac.id/hosting-store/vendor/laravel/framework/src/Illuminate/Foundation/Application.php(1085): Illuminate\\Container\\Container->resolve()
#14 /www/wwwroot/dclaravel.telkomuniversity.ac.id/hosting-store/vendor/laravel/framework/src/Illuminate/Container/Container.php(867): Illuminate\\Foundation\\Application->resolve()
#15 /www/wwwroot/dclaravel.telkomuniversity.ac.id/hosting-store/vendor/laravel/framework/src/Illuminate/Foundation/Application.php(1065): Illuminate\\Container\\Container->make()
#16 /www/wwwroot/dclaravel.telkomuniversity.ac.id/hosting-store/vendor/laravel/framework/src/Illuminate/Pipeline/Pipeline.php(208): Illuminate\\Foundation\\Application->make()
#17 /www/wwwroot/dclaravel.telkomuniversity.ac.id/hosting-store/vendor/laravel/framework/src/Illuminate/Pipeline/Pipeline.php(137): Illuminate\\Pipeline\\Pipeline->{closure:{closure:Illuminate\\Pipeline\\Pipeline::carry():194}:195}()
#18 /www/wwwroot/dclaravel.telkomuniversity.ac.id/hosting-store/vendor/laravel/framework/src/Illuminate/Routing/Router.php(821): Illuminate\\Pipeline\\Pipeline->then()
#19 /www/wwwroot/dclaravel.telkomuniversity.ac.id/hosting-store/vendor/laravel/framework/src/Illuminate/Routing/Router.php(800): Illuminate\\Routing\\Router->runRouteWithinStack()
#20 /www/wwwroot/dclaravel.telkomuniversity.ac.id/hosting-store/vendor/laravel/framework/src/Illuminate/Routing/Router.php(764): Illuminate\\Routing\\Router->runRoute()
#21 /www/wwwroot/dclaravel.telkomuniversity.ac.id/hosting-store/vendor/laravel/framework/src/Illuminate/Routing/Router.php(753): Illuminate\\Routing\\Router->dispatchToRoute()
#22 /www/wwwroot/dclaravel.telkomuniversity.ac.id/hosting-store/vendor/laravel/framework/src/Illuminate/Foundation/Http/Kernel.php(200): Illuminate\\Routing\\Router->dispatch()
#23 /www/wwwroot/dclaravel.telkomuniversity.ac.id/hosting-store/vendor/laravel/framework/src/Illuminate/Pipeline/Pipeline.php(180): Illuminate\\Foundation\\Http\\Kernel->{closure:Illuminate\\Foundation\\Http\\Kernel::dispatchToRouter():197}()
#24 /www/wwwroot/dclaravel.telkomuniversity.ac.id/hosting-store/vendor/laravel/framework/src/Illuminate/Foundation/Http/Middleware/TransformsRequest.php(21): Illuminate\\Pipeline\\Pipeline->{closure:Illuminate\\Pipeline\\Pipeline::prepareDestination():178}()
#25 /www/wwwroot/dclaravel.telkomuniversity.ac.id/hosting-store/vendor/laravel/framework/src/Illuminate/Foundation/Http/Middleware/ConvertEmptyStringsToNull.php(31): Illuminate\\Foundation\\Http\\Middleware\\TransformsRequest->handle()
#26 /www/wwwroot/dclaravel.telkomuniversity.ac.id/hosting-store/vendor/laravel/framework/src/Illuminate/Pipeline/Pipeline.php(219): Illuminate\\Foundation\\Http\\Middleware\\ConvertEmptyStringsToNull->handle()
#27 /www/wwwroot/dclaravel.telkomuniversity.ac.id/hosting-store/vendor/laravel/framework/src/Illuminate/Foundation/Http/Middleware/TransformsRequest.php(21): Illuminate\\Pipeline\\Pipeline->{closure:{closure:Illuminate\\Pipeline\\Pipeline::carry():194}:195}()
#28 /www/wwwroot/dclaravel.telkomuniversity.ac.id/hosting-store/vendor/laravel/framework/src/Illuminate/Foundation/Http/Middleware/TrimStrings.php(51): Illuminate\\Foundation\\Http\\Middleware\\TransformsRequest->handle()
#29 /www/wwwroot/dclaravel.telkomuniversity.ac.id/hosting-store/vendor/laravel/framework/src/Illuminate/Pipeline/Pipeline.php(219): Illuminate\\Foundation\\Http\\Middleware\\TrimStrings->handle()
#30 /www/wwwroot/dclaravel.telkomuniversity.ac.id/hosting-store/vendor/laravel/framework/src/Illuminate/Http/Middleware/ValidatePostSize.php(27): Illuminate\\Pipeline\\Pipeline->{closure:{closure:Illuminate\\Pipeline\\Pipeline::carry():194}:195}()
#31 /www/wwwroot/dclaravel.telkomuniversity.ac.id/hosting-store/vendor/laravel/framework/src/Illuminate/Pipeline/Pipeline.php(219): Illuminate\\Http\\Middleware\\ValidatePostSize->handle()
#32 /www/wwwroot/dclaravel.telkomuniversity.ac.id/hosting-store/vendor/laravel/framework/src/Illuminate/Foundation/Http/Middleware/PreventRequestsDuringMaintenance.php(110): Illuminate\\Pipeline\\Pipeline->{closure:{closure:Illuminate\\Pipeline\\Pipeline::carry():194}:195}()
#33 /www/wwwroot/dclaravel.telkomuniversity.ac.id/hosting-store/vendor/laravel/framework/src/Illuminate/Pipeline/Pipeline.php(219): Illuminate\\Foundation\\Http\\Middleware\\PreventRequestsDuringMaintenance->handle()
#34 /www/wwwroot/dclaravel.telkomuniversity.ac.id/hosting-store/vendor/laravel/framework/src/Illuminate/Http/Middleware/HandleCors.php(61): Illuminate\\Pipeline\\Pipeline->{closure:{closure:Illuminate\\Pipeline\\Pipeline::carry():194}:195}()
#35 /www/wwwroot/dclaravel.telkomuniversity.ac.id/hosting-store/vendor/laravel/framework/src/Illuminate/Pipeline/Pipeline.php(219): Illuminate\\Http\\Middleware\\HandleCors->handle()
#36 /www/wwwroot/dclaravel.telkomuniversity.ac.id/hosting-store/vendor/laravel/framework/src/Illuminate/Http/Middleware/TrustProxies.php(58): Illuminate\\Pipeline\\Pipeline->{closure:{closure:Illuminate\\Pipeline\\Pipeline::carry():194}:195}()
#37 /www/wwwroot/dclaravel.telkomuniversity.ac.id/hosting-store/vendor/laravel/framework/src/Illuminate/Pipeline/Pipeline.php(219): Illuminate\\Http\\Middleware\\TrustProxies->handle()
#38 /www/wwwroot/dclaravel.telkomuniversity.ac.id/hosting-store/vendor/laravel/framework/src/Illuminate/Foundation/Http/Middleware/InvokeDeferredCallbacks.php(22): Illuminate\\Pipeline\\Pipeline->{closure:{closure:Illuminate\\Pipeline\\Pipeline::carry():194}:195}()
#39 /www/wwwroot/dclaravel.telkomuniversity.ac.id/hosting-store/vendor/laravel/framework/src/Illuminate/Pipeline/Pipeline.php(219): Illuminate\\Foundation\\Http\\Middleware\\InvokeDeferredCallbacks->handle()
#40 /www/wwwroot/dclaravel.telkomuniversity.ac.id/hosting-store/vendor/laravel/framework/src/Illuminate/Http/Middleware/ValidatePathEncoding.php(28): Illuminate\\Pipeline\\Pipeline->{closure:{closure:Illuminate\\Pipeline\\Pipeline::carry():194}:195}()
#41 /www/wwwroot/dclaravel.telkomuniversity.ac.id/hosting-store/vendor/laravel/framework/src/Illuminate/Pipeline/Pipeline.php(219): Illuminate\\Http\\Middleware\\ValidatePathEncoding->handle()
#42 /www/wwwroot/dclaravel.telkomuniversity.ac.id/hosting-store/vendor/laravel/framework/src/Illuminate/Pipeline/Pipeline.php(137): Illuminate\\Pipeline\\Pipeline->{closure:{closure:Illuminate\\Pipeline\\Pipeline::carry():194}:195}()
#43 /www/wwwroot/dclaravel.telkomuniversity.ac.id/hosting-store/vendor/laravel/framework/src/Illuminate/Foundation/Http/Kernel.php(175): Illuminate\\Pipeline\\Pipeline->then()
#44 /www/wwwroot/dclaravel.telkomuniversity.ac.id/hosting-store/vendor/laravel/framework/src/Illuminate/Foundation/Http/Kernel.php(144): Illuminate\\Foundation\\Http\\Kernel->sendRequestThroughRouter()
#45 /www/wwwroot/dclaravel.telkomuniversity.ac.id/hosting-store/vendor/laravel/framework/src/Illuminate/Foundation/Application.php(1227): Illuminate\\Foundation\\Http\\Kernel->handle()
#46 /www/wwwroot/dclaravel.telkomuniversity.ac.id/index.php(20): Illuminate\\Foundation\\Application->handleRequest()
#47 {main}
"} 
[2026-09-10 08:39:38] local.ERROR: No application encryption key has been specified. {"exception":"[object] (Illuminate\\Encryption\\MissingAppKeyException(code: 0): No application encryption key has been specified. at /www/wwwroot/dclaravel.telkomuniversity.ac.id/hosting-store/vendor/laravel/framework/src/Illuminate/Encryption/EncryptionServiceProvider.php:83)
[stacktrace]
#0 /www/wwwroot/dclaravel.telkomuniversity.ac.id/hosting-store/vendor/laravel/framework/src/Illuminate/Support/helpers.php(393): Illuminate\\Encryption\\EncryptionServiceProvider->{closure:Illuminate\\Encryption\\EncryptionServiceProvider::key():81}()
#1 /www/wwwroot/dclaravel.telkomuniversity.ac.id/hosting-store/vendor/laravel/framework/src/Illuminate/Encryption/EncryptionServiceProvider.php(81): tap()
#2 /www/wwwroot/dclaravel.telkomuniversity.ac.id/hosting-store/vendor/laravel/framework/src/Illuminate/Encryption/EncryptionServiceProvider.php(64): Illuminate\\Encryption\\EncryptionServiceProvider->key()
#3 /www/wwwroot/dclaravel.telkomuniversity.ac.id/hosting-store/vendor/laravel/framework/src/Illuminate/Encryption/EncryptionServiceProvider.php(32): Illuminate\\Encryption\\EncryptionServiceProvider->parseKey()
#4 /www/wwwroot/dclaravel.telkomuniversity.ac.id/hosting-store/vendor/laravel/framework/src/Illuminate/Container/Container.php(1140): Illuminate\\Encryption\\EncryptionServiceProvider->{closure:Illuminate\\Encryption\\EncryptionServiceProvider::registerEncrypter():29}()
#5 /www/wwwroot/dclaravel.telkomuniversity.ac.id/hosting-store/vendor/laravel/framework/src/Illuminate/Container/Container.php(939): Illuminate\\Container\\Container->build()
#6 /www/wwwroot/dclaravel.telkomuniversity.ac.id/hosting-store/vendor/laravel/framework/src/Illuminate/Foundation/Application.php(1085): Illuminate\\Container\\Container->resolve()
#7 /www/wwwroot/dclaravel.telkomuniversity.ac.id/hosting-store/vendor/laravel/framework/src/Illuminate/Container/Container.php(867): Illuminate\\Foundation\\Application->resolve()
#8 /www/wwwroot/dclaravel.telkomuniversity.ac.id/hosting-store/vendor/laravel/framework/src/Illuminate/Foundation/Application.php(1065): Illuminate\\Container\\Container->make()
#9 /www/wwwroot/dclaravel.telkomuniversity.ac.id/hosting-store/vendor/laravel/framework/src/Illuminate/Container/Container.php(1363): Illuminate\\Foundation\\Application->make()
#10 /www/wwwroot/dclaravel.telkomuniversity.ac.id/hosting-store/vendor/laravel/framework/src/Illuminate/Container/Container.php(1264): Illuminate\\Container\\Container->resolveClass()
#11 /www/wwwroot/dclaravel.telkomuniversity.ac.id/hosting-store/vendor/laravel/framework/src/Illuminate/Container/Container.php(1187): Illuminate\\Container\\Container->resolveDependencies()
#12 /www/wwwroot/dclaravel.telkomuniversity.ac.id/hosting-store/vendor/laravel/framework/src/Illuminate/Container/Container.php(939): Illuminate\\Container\\Container->build()
#13 /www/wwwroot/dclaravel.telkomuniversity.ac.id/hosting-store/vendor/laravel/framework/src/Illuminate/Foundation/Application.php(1085): Illuminate\\Container\\Container->resolve()
#14 /www/wwwroot/dclaravel.telkomuniversity.ac.id/hosting-store/vendor/laravel/framework/src/Illuminate/Container/Container.php(867): Illuminate\\Foundation\\Application->resolve()
#15 /www/wwwroot/dclaravel.telkomuniversity.ac.id/hosting-store/vendor/laravel/framework/src/Illuminate/Foundation/Application.php(1065): Illuminate\\Container\\Container->make()
#16 /www/wwwroot/dclaravel.telkomuniversity.ac.id/hosting-store/vendor/laravel/framework/src/Illuminate/Foundation/Http/Kernel.php(257): Illuminate\\Foundation\\Application->make()
#17 /www/wwwroot/dclaravel.telkomuniversity.ac.id/hosting-store/vendor/laravel/framework/src/Illuminate/Foundation/Http/Kernel.php(215): Illuminate\\Foundation\\Http\\Kernel->terminateMiddleware()
#18 /www/wwwroot/dclaravel.telkomuniversity.ac.id/hosting-store/vendor/laravel/framework/src/Illuminate/Foundation/Application.php(1229): Illuminate\\Foundation\\Http\\Kernel->terminate()
#19 /www/wwwroot/dclaravel.telkomuniversity.ac.id/index.php(20): Illuminate\\Foundation\\Application->handleRequest()
#20 {main}
"} 
[2026-09-10 08:39:38] local.ERROR: Uncaught ErrorException: Cannot modify header information - headers already sent by (output started at /www/wwwroot/dclaravel.telkomuniversity.ac.id/hosting-store/vendor/symfony/http-foundation/Response.php:393) in /www/wwwroot/dclaravel.telkomuniversity.ac.id/hosting-store/vendor/symfony/http-foundation/Response.php:328
Stack trace:
#0 /www/wwwroot/dclaravel.telkomuniversity.ac.id/hosting-store/vendor/laravel/framework/src/Illuminate/Foundation/Bootstrap/HandleExceptions.php(265): Illuminate\Foundation\Bootstrap\HandleExceptions->handleError()
#1 [internal function]: Illuminate\Foundation\Bootstrap\HandleExceptions->{closure:Illuminate\Foundation\Bootstrap\HandleExceptions::forwardsTo():264}()
#2 /www/wwwroot/dclaravel.telkomuniversity.ac.id/hosting-store/vendor/symfony/http-foundation/Response.php(328): header()
#3 /www/wwwroot/dclaravel.telkomuniversity.ac.id/hosting-store/vendor/symfony/http-foundation/Response.php(407): Symfony\Component\HttpFoundation\Response->sendHeaders()
#4 /www/wwwroot/dclaravel.telkomuniversity.ac.id/hosting-store/vendor/laravel/framework/src/Illuminate/Foundation/Bootstrap/HandleExceptions.php(228): Symfony\Component\HttpFoundation\Response->send()
#5 /www/wwwroot/dclaravel.telkomuniversity.ac.id/hosting-store/vendor/laravel/framework/src/Illuminate/Foundation/Bootstrap/HandleExceptions.php(205): Illuminate\Foundation\Bootstrap\HandleExceptions->renderHttpResponse()
#6 /www/wwwroot/dclaravel.telkomuniversity.ac.id/hosting-store/vendor/laravel/framework/src/Illuminate/Foundation/Bootstrap/HandleExceptions.php(265): Illuminate\Foundation\Bootstrap\HandleExceptions->handleException()
#7 [internal function]: Illuminate\Foundation\Bootstrap\HandleExceptions->{closure:Illuminate\Foundation\Bootstrap\HandleExceptions::forwardsTo():264}()
#8 {main}
  thrown {"exception":"[object] (Symfony\\Component\\ErrorHandler\\Error\\FatalError(code: 0): Uncaught ErrorException: Cannot modify header information - headers already sent by (output started at /www/wwwroot/dclaravel.telkomuniversity.ac.id/hosting-store/vendor/symfony/http-foundation/Response.php:393) in /www/wwwroot/dclaravel.telkomuniversity.ac.id/hosting-store/vendor/symfony/http-foundation/Response.php:328
Stack trace:
#0 /www/wwwroot/dclaravel.telkomuniversity.ac.id/hosting-store/vendor/laravel/framework/src/Illuminate/Foundation/Bootstrap/HandleExceptions.php(265): Illuminate\\Foundation\\Bootstrap\\HandleExceptions->handleError()
#1 [internal function]: Illuminate\\Foundation\\Bootstrap\\HandleExceptions->{closure:Illuminate\\Foundation\\Bootstrap\\HandleExceptions::forwardsTo():264}()
#2 /www/wwwroot/dclaravel.telkomuniversity.ac.id/hosting-store/vendor/symfony/http-foundation/Response.php(328): header()
#3 /www/wwwroot/dclaravel.telkomuniversity.ac.id/hosting-store/vendor/symfony/http-foundation/Response.php(407): Symfony\\Component\\HttpFoundation\\Response->sendHeaders()
#4 /www/wwwroot/dclaravel.telkomuniversity.ac.id/hosting-store/vendor/laravel/framework/src/Illuminate/Foundation/Bootstrap/HandleExceptions.php(228): Symfony\\Component\\HttpFoundation\\Response->send()
#5 /www/wwwroot/dclaravel.telkomuniversity.ac.id/hosting-store/vendor/laravel/framework/src/Illuminate/Foundation/Bootstrap/HandleExceptions.php(205): Illuminate\\Foundation\\Bootstrap\\HandleExceptions->renderHttpResponse()
#6 /www/wwwroot/dclaravel.telkomuniversity.ac.id/hosting-store/vendor/laravel/framework/src/Illuminate/Foundation/Bootstrap/HandleExceptions.php(265): Illuminate\\Foundation\\Bootstrap\\HandleExceptions->handleException()
#7 [internal function]: Illuminate\\Foundation\\Bootstrap\\HandleExceptions->{closure:Illuminate\\Foundation\\Bootstrap\\HandleExceptions::forwardsTo():264}()
#8 {main}
  thrown at /www/wwwroot/dclaravel.telkomuniversity.ac.id/hosting-store/vendor/symfony/http-foundation/Response.php:328)
[stacktrace]
#0 {main}
"} 
[2026-09-10 08:40:02] local.ERROR: No application encryption key has been specified. {"exception":"[object] (Illuminate\\Encryption\\MissingAppKeyException(code: 0): No application encryption key has been specified. at /www/wwwroot/dclaravel.telkomuniversity.ac.id/hosting-store/vendor/laravel/framework/src/Illuminate/Encryption/EncryptionServiceProvider.php:83)
[stacktrace]
#0 /www/wwwroot/dclaravel.telkomuniversity.ac.id/hosting-store/vendor/laravel/framework/src/Illuminate/Support/helpers.php(393): Illuminate\\Encryption\\EncryptionServiceProvider->{closure:Illuminate\\Encryption\\EncryptionServiceProvider::key():81}()
#1 /www/wwwroot/dclaravel.telkomuniversity.ac.id/hosting-store/vendor/laravel/framework/src/Illuminate/Encryption/EncryptionServiceProvider.php(81): tap()
#2 /www/wwwroot/dclaravel.telkomuniversity.ac.id/hosting-store/vendor/laravel/framework/src/Illuminate/Encryption/EncryptionServiceProvider.php(64): Illuminate\\Encryption\\EncryptionServiceProvider->key()
#3 /www/wwwroot/dclaravel.telkomuniversity.ac.id/hosting-store/vendor/laravel/framework/src/Illuminate/Encryption/EncryptionServiceProvider.php(32): Illuminate\\Encryption\\EncryptionServiceProvider->parseKey()
#4 /www/wwwroot/dclaravel.telkomuniversity.ac.id/hosting-store/vendor/laravel/framework/src/Illuminate/Container/Container.php(1140): Illuminate\\Encryption\\EncryptionServiceProvider->{closure:Illuminate\\Encryption\\EncryptionServiceProvider::registerEncrypter():29}()
#5 /www/wwwroot/dclaravel.telkomuniversity.ac.id/hosting-store/vendor/laravel/framework/src/Illuminate/Container/Container.php(939): Illuminate\\Container\\Container->build()
#6 /www/wwwroot/dclaravel.telkomuniversity.ac.id/hosting-store/vendor/laravel/framework/src/Illuminate/Foundation/Application.php(1085): Illuminate\\Container\\Container->resolve()
#7 /www/wwwroot/dclaravel.telkomuniversity.ac.id/hosting-store/vendor/laravel/framework/src/Illuminate/Container/Container.php(867): Illuminate\\Foundation\\Application->resolve()
#8 /www/wwwroot/dclaravel.telkomuniversity.ac.id/hosting-store/vendor/laravel/framework/src/Illuminate/Foundation/Application.php(1065): Illuminate\\Container\\Container->make()
#9 /www/wwwroot/dclaravel.telkomuniversity.ac.id/hosting-store/vendor/laravel/framework/src/Illuminate/Container/Container.php(1363): Illuminate\\Foundation\\Application->make()
#10 /www/wwwroot/dclaravel.telkomuniversity.ac.id/hosting-store/vendor/laravel/framework/src/Illuminate/Container/Container.php(1264): Illuminate\\Container\\Container->resolveClass()
#11 /www/wwwroot/dclaravel.telkomuniversity.ac.id/hosting-store/vendor/laravel/framework/src/Illuminate/Container/Container.php(1187): Illuminate\\Container\\Container->resolveDependencies()
#12 /www/wwwroot/dclaravel.telkomuniversity.ac.id/hosting-store/vendor/laravel/framework/src/Illuminate/Container/Container.php(939): Illuminate\\Container\\Container->build()
#13 /www/wwwroot/dclaravel.telkomuniversity.ac.id/hosting-store/vendor/laravel/framework/src/Illuminate/Foundation/Application.php(1085): Illuminate\\Container\\Container->resolve()
#14 /www/wwwroot/dclaravel.telkomuniversity.ac.id/hosting-store/vendor/laravel/framework/src/Illuminate/Container/Container.php(867): Illuminate\\Foundation\\Application->resolve()
#15 /www/wwwroot/dclaravel.telkomuniversity.ac.id/hosting-store/vendor/laravel/framework/src/Illuminate/Foundation/Application.php(1065): Illuminate\\Container\\Container->make()
#16 /www/wwwroot/dclaravel.telkomuniversity.ac.id/hosting-store/vendor/laravel/framework/src/Illuminate/Pipeline/Pipeline.php(208): Illuminate\\Foundation\\Application->make()
#17 /www/wwwroot/dclaravel.telkomuniversity.ac.id/hosting-store/vendor/laravel/framework/src/Illuminate/Pipeline/Pipeline.php(137): Illuminate\\Pipeline\\Pipeline->{closure:{closure:Illuminate\\Pipeline\\Pipeline::carry():194}:195}()
#18 /www/wwwroot/dclaravel.telkomuniversity.ac.id/hosting-store/vendor/laravel/framework/src/Illuminate/Routing/Router.php(821): Illuminate\\Pipeline\\Pipeline->then()
#19 /www/wwwroot/dclaravel.telkomuniversity.ac.id/hosting-store/vendor/laravel/framework/src/Illuminate/Routing/Router.php(800): Illuminate\\Routing\\Router->runRouteWithinStack()
#20 /www/wwwroot/dclaravel.telkomuniversity.ac.id/hosting-store/vendor/laravel/framework/src/Illuminate/Routing/Router.php(764): Illuminate\\Routing\\Router->runRoute()
#21 /www/wwwroot/dclaravel.telkomuniversity.ac.id/hosting-store/vendor/laravel/framework/src/Illuminate/Routing/Router.php(753): Illuminate\\Routing\\Router->dispatchToRoute()
#22 /www/wwwroot/dclaravel.telkomuniversity.ac.id/hosting-store/vendor/laravel/framework/src/Illuminate/Foundation/Http/Kernel.php(200): Illuminate\\Routing\\Router->dispatch()
#23 /www/wwwroot/dclaravel.telkomuniversity.ac.id/hosting-store/vendor/laravel/framework/src/Illuminate/Pipeline/Pipeline.php(180): Illuminate\\Foundation\\Http\\Kernel->{closure:Illuminate\\Foundation\\Http\\Kernel::dispatchToRouter():197}()
#24 /www/wwwroot/dclaravel.telkomuniversity.ac.id/hosting-store/vendor/laravel/framework/src/Illuminate/Foundation/Http/Middleware/TransformsRequest.php(21): Illuminate\\Pipeline\\Pipeline->{closure:Illuminate\\Pipeline\\Pipeline::prepareDestination():178}()
#25 /www/wwwroot/dclaravel.telkomuniversity.ac.id/hosting-store/vendor/laravel/framework/src/Illuminate/Foundation/Http/Middleware/ConvertEmptyStringsToNull.php(31): Illuminate\\Foundation\\Http\\Middleware\\TransformsRequest->handle()
#26 /www/wwwroot/dclaravel.telkomuniversity.ac.id/hosting-store/vendor/laravel/framework/src/Illuminate/Pipeline/Pipeline.php(219): Illuminate\\Foundation\\Http\\Middleware\\ConvertEmptyStringsToNull->handle()
#27 /www/wwwroot/dclaravel.telkomuniversity.ac.id/hosting-store/vendor/laravel/framework/src/Illuminate/Foundation/Http/Middleware/TransformsRequest.php(21): Illuminate\\Pipeline\\Pipeline->{closure:{closure:Illuminate\\Pipeline\\Pipeline::carry():194}:195}()
#28 /www/wwwroot/dclaravel.telkomuniversity.ac.id/hosting-store/vendor/laravel/framework/src/Illuminate/Foundation/Http/Middleware/TrimStrings.php(51): Illuminate\\Foundation\\Http\\Middleware\\TransformsRequest->handle()
#29 /www/wwwroot/dclaravel.telkomuniversity.ac.id/hosting-store/vendor/laravel/framework/src/Illuminate/Pipeline/Pipeline.php(219): Illuminate\\Foundation\\Http\\Middleware\\TrimStrings->handle()
#30 /www/wwwroot/dclaravel.telkomuniversity.ac.id/hosting-store/vendor/laravel/framework/src/Illuminate/Http/Middleware/ValidatePostSize.php(27): Illuminate\\Pipeline\\Pipeline->{closure:{closure:Illuminate\\Pipeline\\Pipeline::carry():194}:195}()
#31 /www/wwwroot/dclaravel.telkomuniversity.ac.id/hosting-store/vendor/laravel/framework/src/Illuminate/Pipeline/Pipeline.php(219): Illuminate\\Http\\Middleware\\ValidatePostSize->handle()
#32 /www/wwwroot/dclaravel.telkomuniversity.ac.id/hosting-store/vendor/laravel/framework/src/Illuminate/Foundation/Http/Middleware/PreventRequestsDuringMaintenance.php(110): Illuminate\\Pipeline\\Pipeline->{closure:{closure:Illuminate\\Pipeline\\Pipeline::carry():194}:195}()
#33 /www/wwwroot/dclaravel.telkomuniversity.ac.id/hosting-store/vendor/laravel/framework/src/Illuminate/Pipeline/Pipeline.php(219): Illuminate\\Foundation\\Http\\Middleware\\PreventRequestsDuringMaintenance->handle()
#34 /www/wwwroot/dclaravel.telkomuniversity.ac.id/hosting-store/vendor/laravel/framework/src/Illuminate/Http/Middleware/HandleCors.php(61): Illuminate\\Pipeline\\Pipeline->{closure:{closure:Illuminate\\Pipeline\\Pipeline::carry():194}:195}()
#35 /www/wwwroot/dclaravel.telkomuniversity.ac.id/hosting-store/vendor/laravel/framework/src/Illuminate/Pipeline/Pipeline.php(219): Illuminate\\Http\\Middleware\\HandleCors->handle()
#36 /www/wwwroot/dclaravel.telkomuniversity.ac.id/hosting-store/vendor/laravel/framework/src/Illuminate/Http/Middleware/TrustProxies.php(58): Illuminate\\Pipeline\\Pipeline->{closure:{closure:Illuminate\\Pipeline\\Pipeline::carry():194}:195}()
#37 /www/wwwroot/dclaravel.telkomuniversity.ac.id/hosting-store/vendor/laravel/framework/src/Illuminate/Pipeline/Pipeline.php(219): Illuminate\\Http\\Middleware\\TrustProxies->handle()
#38 /www/wwwroot/dclaravel.telkomuniversity.ac.id/hosting-store/vendor/laravel/framework/src/Illuminate/Foundation/Http/Middleware/InvokeDeferredCallbacks.php(22): Illuminate\\Pipeline\\Pipeline->{closure:{closure:Illuminate\\Pipeline\\Pipeline::carry():194}:195}()
#39 /www/wwwroot/dclaravel.telkomuniversity.ac.id/hosting-store/vendor/laravel/framework/src/Illuminate/Pipeline/Pipeline.php(219): Illuminate\\Foundation\\Http\\Middleware\\InvokeDeferredCallbacks->handle()
#40 /www/wwwroot/dclaravel.telkomuniversity.ac.id/hosting-store/vendor/laravel/framework/src/Illuminate/Http/Middleware/ValidatePathEncoding.php(28): Illuminate\\Pipeline\\Pipeline->{closure:{closure:Illuminate\\Pipeline\\Pipeline::carry():194}:195}()
#41 /www/wwwroot/dclaravel.telkomuniversity.ac.id/hosting-store/vendor/laravel/framework/src/Illuminate/Pipeline/Pipeline.php(219): Illuminate\\Http\\Middleware\\ValidatePathEncoding->handle()
#42 /www/wwwroot/dclaravel.telkomuniversity.ac.id/hosting-store/vendor/laravel/framework/src/Illuminate/Pipeline/Pipeline.php(137): Illuminate\\Pipeline\\Pipeline->{closure:{closure:Illuminate\\Pipeline\\Pipeline::carry():194}:195}()
#43 /www/wwwroot/dclaravel.telkomuniversity.ac.id/hosting-store/vendor/laravel/framework/src/Illuminate/Foundation/Http/Kernel.php(175): Illuminate\\Pipeline\\Pipeline->then()
#44 /www/wwwroot/dclaravel.telkomuniversity.ac.id/hosting-store/vendor/laravel/framework/src/Illuminate/Foundation/Http/Kernel.php(144): Illuminate\\Foundation\\Http\\Kernel->sendRequestThroughRouter()
#45 /www/wwwroot/dclaravel.telkomuniversity.ac.id/hosting-store/vendor/laravel/framework/src/Illuminate/Foundation/Application.php(1227): Illuminate\\Foundation\\Http\\Kernel->handle()
#46 /www/wwwroot/dclaravel.telkomuniversity.ac.id/index.php(20): Illuminate\\Foundation\\Application->handleRequest()
#47 {main}
"} 
[2026-09-10 08:40:02] local.ERROR: No application encryption key has been specified. {"exception":"[object] (Illuminate\\Encryption\\MissingAppKeyException(code: 0): No application encryption key has been specified. at /www/wwwroot/dclaravel.telkomuniversity.ac.id/hosting-store/vendor/laravel/framework/src/Illuminate/Encryption/EncryptionServiceProvider.php:83)
[stacktrace]
#0 /www/wwwroot/dclaravel.telkomuniversity.ac.id/hosting-store/vendor/laravel/framework/src/Illuminate/Support/helpers.php(393): Illuminate\\Encryption\\EncryptionServiceProvider->{closure:Illuminate\\Encryption\\EncryptionServiceProvider::key():81}()
#1 /www/wwwroot/dclaravel.telkomuniversity.ac.id/hosting-store/vendor/laravel/framework/src/Illuminate/Encryption/EncryptionServiceProvider.php(81): tap()
#2 /www/wwwroot/dclaravel.telkomuniversity.ac.id/hosting-store/vendor/laravel/framework/src/Illuminate/Encryption/EncryptionServiceProvider.php(64): Illuminate\\Encryption\\EncryptionServiceProvider->key()
#3 /www/wwwroot/dclaravel.telkomuniversity.ac.id/hosting-store/vendor/laravel/framework/src/Illuminate/Encryption/EncryptionServiceProvider.php(32): Illuminate\\Encryption\\EncryptionServiceProvider->parseKey()
#4 /www/wwwroot/dclaravel.telkomuniversity.ac.id/hosting-store/vendor/laravel/framework/src/Illuminate/Container/Container.php(1140): Illuminate\\Encryption\\EncryptionServiceProvider->{closure:Illuminate\\Encryption\\EncryptionServiceProvider::registerEncrypter():29}()
#5 /www/wwwroot/dclaravel.telkomuniversity.ac.id/hosting-store/vendor/laravel/framework/src/Illuminate/Container/Container.php(939): Illuminate\\Container\\Container->build()
#6 /www/wwwroot/dclaravel.telkomuniversity.ac.id/hosting-store/vendor/laravel/framework/src/Illuminate/Foundation/Application.php(1085): Illuminate\\Container\\Container->resolve()
#7 /www/wwwroot/dclaravel.telkomuniversity.ac.id/hosting-store/vendor/laravel/framework/src/Illuminate/Container/Container.php(867): Illuminate\\Foundation\\Application->resolve()
#8 /www/wwwroot/dclaravel.telkomuniversity.ac.id/hosting-store/vendor/laravel/framework/src/Illuminate/Foundation/Application.php(1065): Illuminate\\Container\\Container->make()
#9 /www/wwwroot/dclaravel.telkomuniversity.ac.id/hosting-store/vendor/laravel/framework/src/Illuminate/Container/Container.php(1363): Illuminate\\Foundation\\Application->make()
#10 /www/wwwroot/dclaravel.telkomuniversity.ac.id/hosting-store/vendor/laravel/framework/src/Illuminate/Container/Container.php(1264): Illuminate\\Container\\Container->resolveClass()
#11 /www/wwwroot/dclaravel.telkomuniversity.ac.id/hosting-store/vendor/laravel/framework/src/Illuminate/Container/Container.php(1187): Illuminate\\Container\\Container->resolveDependencies()
#12 /www/wwwroot/dclaravel.telkomuniversity.ac.id/hosting-store/vendor/laravel/framework/src/Illuminate/Container/Container.php(939): Illuminate\\Container\\Container->build()
#13 /www/wwwroot/dclaravel.telkomuniversity.ac.id/hosting-store/vendor/laravel/framework/src/Illuminate/Foundation/Application.php(1085): Illuminate\\Container\\Container->resolve()
#14 /www/wwwroot/dclaravel.telkomuniversity.ac.id/hosting-store/vendor/laravel/framework/src/Illuminate/Container/Container.php(867): Illuminate\\Foundation\\Application->resolve()
#15 /www/wwwroot/dclaravel.telkomuniversity.ac.id/hosting-store/vendor/laravel/framework/src/Illuminate/Foundation/Application.php(1065): Illuminate\\Container\\Container->make()
#16 /www/wwwroot/dclaravel.telkomuniversity.ac.id/hosting-store/vendor/laravel/framework/src/Illuminate/Foundation/Http/Kernel.php(257): Illuminate\\Foundation\\Application->make()
#17 /www/wwwroot/dclaravel.telkomuniversity.ac.id/hosting-store/vendor/laravel/framework/src/Illuminate/Foundation/Http/Kernel.php(215): Illuminate\\Foundation\\Http\\Kernel->terminateMiddleware()
#18 /www/wwwroot/dclaravel.telkomuniversity.ac.id/hosting-store/vendor/laravel/framework/src/Illuminate/Foundation/Application.php(1229): Illuminate\\Foundation\\Http\\Kernel->terminate()
#19 /www/wwwroot/dclaravel.telkomuniversity.ac.id/index.php(20): Illuminate\\Foundation\\Application->handleRequest()
#20 {main}
"} 
[2026-09-10 08:40:02] local.ERROR: Uncaught ErrorException: Cannot modify header information - headers already sent by (output started at /www/wwwroot/dclaravel.telkomuniversity.ac.id/hosting-store/vendor/symfony/http-foundation/Response.php:393) in /www/wwwroot/dclaravel.telkomuniversity.ac.id/hosting-store/vendor/symfony/http-foundation/Response.php:328
Stack trace:
#0 /www/wwwroot/dclaravel.telkomuniversity.ac.id/hosting-store/vendor/laravel/framework/src/Illuminate/Foundation/Bootstrap/HandleExceptions.php(265): Illuminate\Foundation\Bootstrap\HandleExceptions->handleError()
#1 [internal function]: Illuminate\Foundation\Bootstrap\HandleExceptions->{closure:Illuminate\Foundation\Bootstrap\HandleExceptions::forwardsTo():264}()
#2 /www/wwwroot/dclaravel.telkomuniversity.ac.id/hosting-store/vendor/symfony/http-foundation/Response.php(328): header()
#3 /www/wwwroot/dclaravel.telkomuniversity.ac.id/hosting-store/vendor/symfony/http-foundation/Response.php(407): Symfony\Component\HttpFoundation\Response->sendHeaders()
#4 /www/wwwroot/dclaravel.telkomuniversity.ac.id/hosting-store/vendor/laravel/framework/src/Illuminate/Foundation/Bootstrap/HandleExceptions.php(228): Symfony\Component\HttpFoundation\Response->send()
#5 /www/wwwroot/dclaravel.telkomuniversity.ac.id/hosting-store/vendor/laravel/framework/src/Illuminate/Foundation/Bootstrap/HandleExceptions.php(205): Illuminate\Foundation\Bootstrap\HandleExceptions->renderHttpResponse()
#6 /www/wwwroot/dclaravel.telkomuniversity.ac.id/hosting-store/vendor/laravel/framework/src/Illuminate/Foundation/Bootstrap/HandleExceptions.php(265): Illuminate\Foundation\Bootstrap\HandleExceptions->handleException()
#7 [internal function]: Illuminate\Foundation\Bootstrap\HandleExceptions->{closure:Illuminate\Foundation\Bootstrap\HandleExceptions::forwardsTo():264}()
#8 {main}
  thrown {"exception":"[object] (Symfony\\Component\\ErrorHandler\\Error\\FatalError(code: 0): Uncaught ErrorException: Cannot modify header information - headers already sent by (output started at /www/wwwroot/dclaravel.telkomuniversity.ac.id/hosting-store/vendor/symfony/http-foundation/Response.php:393) in /www/wwwroot/dclaravel.telkomuniversity.ac.id/hosting-store/vendor/symfony/http-foundation/Response.php:328
Stack trace:
#0 /www/wwwroot/dclaravel.telkomuniversity.ac.id/hosting-store/vendor/laravel/framework/src/Illuminate/Foundation/Bootstrap/HandleExceptions.php(265): Illuminate\\Foundation\\Bootstrap\\HandleExceptions->handleError()
#1 [internal function]: Illuminate\\Foundation\\Bootstrap\\HandleExceptions->{closure:Illuminate\\Foundation\\Bootstrap\\HandleExceptions::forwardsTo():264}()
#2 /www/wwwroot/dclaravel.telkomuniversity.ac.id/hosting-store/vendor/symfony/http-foundation/Response.php(328): header()
#3 /www/wwwroot/dclaravel.telkomuniversity.ac.id/hosting-store/vendor/symfony/http-foundation/Response.php(407): Symfony\\Component\\HttpFoundation\\Response->sendHeaders()
#4 /www/wwwroot/dclaravel.telkomuniversity.ac.id/hosting-store/vendor/laravel/framework/src/Illuminate/Foundation/Bootstrap/HandleExceptions.php(228): Symfony\\Component\\HttpFoundation\\Response->send()
#5 /www/wwwroot/dclaravel.telkomuniversity.ac.id/hosting-store/vendor/laravel/framework/src/Illuminate/Foundation/Bootstrap/HandleExceptions.php(205): Illuminate\\Foundation\\Bootstrap\\HandleExceptions->renderHttpResponse()
#6 /www/wwwroot/dclaravel.telkomuniversity.ac.id/hosting-store/vendor/laravel/framework/src/Illuminate/Foundation/Bootstrap/HandleExceptions.php(265): Illuminate\\Foundation\\Bootstrap\\HandleExceptions->handleException()
#7 [internal function]: Illuminate\\Foundation\\Bootstrap\\HandleExceptions->{closure:Illuminate\\Foundation\\Bootstrap\\HandleExceptions::forwardsTo():264}()
#8 {main}
  thrown at /www/wwwroot/dclaravel.telkomuniversity.ac.id/hosting-store/vendor/symfony/http-foundation/Response.php:328)
[stacktrace]
#0 {main}
"} 
[2026-09-10 08:40:10] local.ERROR: No application encryption key has been specified. {"exception":"[object] (Illuminate\\Encryption\\MissingAppKeyException(code: 0): No application encryption key has been specified. at /www/wwwroot/dclaravel.telkomuniversity.ac.id/hosting-store/vendor/laravel/framework/src/Illuminate/Encryption/EncryptionServiceProvider.php:83)
[stacktrace]
#0 /www/wwwroot/dclaravel.telkomuniversity.ac.id/hosting-store/vendor/laravel/framework/src/Illuminate/Support/helpers.php(393): Illuminate\\Encryption\\EncryptionServiceProvider->{closure:Illuminate\\Encryption\\EncryptionServiceProvider::key():81}()
#1 /www/wwwroot/dclaravel.telkomuniversity.ac.id/hosting-store/vendor/laravel/framework/src/Illuminate/Encryption/EncryptionServiceProvider.php(81): tap()
#2 /www/wwwroot/dclaravel.telkomuniversity.ac.id/hosting-store/vendor/laravel/framework/src/Illuminate/Encryption/EncryptionServiceProvider.php(64): Illuminate\\Encryption\\EncryptionServiceProvider->key()
#3 /www/wwwroot/dclaravel.telkomuniversity.ac.id/hosting-store/vendor/laravel/framework/src/Illuminate/Encryption/EncryptionServiceProvider.php(32): Illuminate\\Encryption\\EncryptionServiceProvider->parseKey()
#4 /www/wwwroot/dclaravel.telkomuniversity.ac.id/hosting-store/vendor/laravel/framework/src/Illuminate/Container/Container.php(1140): Illuminate\\Encryption\\EncryptionServiceProvider->{closure:Illuminate\\Encryption\\EncryptionServiceProvider::registerEncrypter():29}()
#5 /www/wwwroot/dclaravel.telkomuniversity.ac.id/hosting-store/vendor/laravel/framework/src/Illuminate/Container/Container.php(939): Illuminate\\Container\\Container->build()
#6 /www/wwwroot/dclaravel.telkomuniversity.ac.id/hosting-store/vendor/laravel/framework/src/Illuminate/Foundation/Application.php(1085): Illuminate\\Container\\Container->resolve()
#7 /www/wwwroot/dclaravel.telkomuniversity.ac.id/hosting-store/vendor/laravel/framework/src/Illuminate/Container/Container.php(867): Illuminate\\Foundation\\Application->resolve()
#8 /www/wwwroot/dclaravel.telkomuniversity.ac.id/hosting-store/vendor/laravel/framework/src/Illuminate/Foundation/Application.php(1065): Illuminate\\Container\\Container->make()
#9 /www/wwwroot/dclaravel.telkomuniversity.ac.id/hosting-store/vendor/laravel/framework/src/Illuminate/Container/Container.php(1363): Illuminate\\Foundation\\Application->make()
#10 /www/wwwroot/dclaravel.telkomuniversity.ac.id/hosting-store/vendor/laravel/framework/src/Illuminate/Container/Container.php(1264): Illuminate\\Container\\Container->resolveClass()
#11 /www/wwwroot/dclaravel.telkomuniversity.ac.id/hosting-store/vendor/laravel/framework/src/Illuminate/Container/Container.php(1187): Illuminate\\Container\\Container->resolveDependencies()
#12 /www/wwwroot/dclaravel.telkomuniversity.ac.id/hosting-store/vendor/laravel/framework/src/Illuminate/Container/Container.php(939): Illuminate\\Container\\Container->build()
#13 /www/wwwroot/dclaravel.telkomuniversity.ac.id/hosting-store/vendor/laravel/framework/src/Illuminate/Foundation/Application.php(1085): Illuminate\\Container\\Container->resolve()
#14 /www/wwwroot/dclaravel.telkomuniversity.ac.id/hosting-store/vendor/laravel/framework/src/Illuminate/Container/Container.php(867): Illuminate\\Foundation\\Application->resolve()
#15 /www/wwwroot/dclaravel.telkomuniversity.ac.id/hosting-store/vendor/laravel/framework/src/Illuminate/Foundation/Application.php(1065): Illuminate\\Container\\Container->make()
#16 /www/wwwroot/dclaravel.telkomuniversity.ac.id/hosting-store/vendor/laravel/framework/src/Illuminate/Pipeline/Pipeline.php(208): Illuminate\\Foundation\\Application->make()
#17 /www/wwwroot/dclaravel.telkomuniversity.ac.id/hosting-store/vendor/laravel/framework/src/Illuminate/Pipeline/Pipeline.php(137): Illuminate\\Pipeline\\Pipeline->{closure:{closure:Illuminate\\Pipeline\\Pipeline::carry():194}:195}()
#18 /www/wwwroot/dclaravel.telkomuniversity.ac.id/hosting-store/vendor/laravel/framework/src/Illuminate/Routing/Router.php(821): Illuminate\\Pipeline\\Pipeline->then()
#19 /www/wwwroot/dclaravel.telkomuniversity.ac.id/hosting-store/vendor/laravel/framework/src/Illuminate/Routing/Router.php(800): Illuminate\\Routing\\Router->runRouteWithinStack()
#20 /www/wwwroot/dclaravel.telkomuniversity.ac.id/hosting-store/vendor/laravel/framework/src/Illuminate/Routing/Router.php(764): Illuminate\\Routing\\Router->runRoute()
#21 /www/wwwroot/dclaravel.telkomuniversity.ac.id/hosting-store/vendor/laravel/framework/src/Illuminate/Routing/Router.php(753): Illuminate\\Routing\\Router->dispatchToRoute()
#22 /www/wwwroot/dclaravel.telkomuniversity.ac.id/hosting-store/vendor/laravel/framework/src/Illuminate/Foundation/Http/Kernel.php(200): Illuminate\\Routing\\Router->dispatch()
#23 /www/wwwroot/dclaravel.telkomuniversity.ac.id/hosting-store/vendor/laravel/framework/src/Illuminate/Pipeline/Pipeline.php(180): Illuminate\\Foundation\\Http\\Kernel->{closure:Illuminate\\Foundation\\Http\\Kernel::dispatchToRouter():197}()
#24 /www/wwwroot/dclaravel.telkomuniversity.ac.id/hosting-store/vendor/laravel/framework/src/Illuminate/Foundation/Http/Middleware/TransformsRequest.php(21): Illuminate\\Pipeline\\Pipeline->{closure:Illuminate\\Pipeline\\Pipeline::prepareDestination():178}()
#25 /www/wwwroot/dclaravel.telkomuniversity.ac.id/hosting-store/vendor/laravel/framework/src/Illuminate/Foundation/Http/Middleware/ConvertEmptyStringsToNull.php(31): Illuminate\\Foundation\\Http\\Middleware\\TransformsRequest->handle()
#26 /www/wwwroot/dclaravel.telkomuniversity.ac.id/hosting-store/vendor/laravel/framework/src/Illuminate/Pipeline/Pipeline.php(219): Illuminate\\Foundation\\Http\\Middleware\\ConvertEmptyStringsToNull->handle()
#27 /www/wwwroot/dclaravel.telkomuniversity.ac.id/hosting-store/vendor/laravel/framework/src/Illuminate/Foundation/Http/Middleware/TransformsRequest.php(21): Illuminate\\Pipeline\\Pipeline->{closure:{closure:Illuminate\\Pipeline\\Pipeline::carry():194}:195}()
#28 /www/wwwroot/dclaravel.telkomuniversity.ac.id/hosting-store/vendor/laravel/framework/src/Illuminate/Foundation/Http/Middleware/TrimStrings.php(51): Illuminate\\Foundation\\Http\\Middleware\\TransformsRequest->handle()
#29 /www/wwwroot/dclaravel.telkomuniversity.ac.id/hosting-store/vendor/laravel/framework/src/Illuminate/Pipeline/Pipeline.php(219): Illuminate\\Foundation\\Http\\Middleware\\TrimStrings->handle()
#30 /www/wwwroot/dclaravel.telkomuniversity.ac.id/hosting-store/vendor/laravel/framework/src/Illuminate/Http/Middleware/ValidatePostSize.php(27): Illuminate\\Pipeline\\Pipeline->{closure:{closure:Illuminate\\Pipeline\\Pipeline::carry():194}:195}()
#31 /www/wwwroot/dclaravel.telkomuniversity.ac.id/hosting-store/vendor/laravel/framework/src/Illuminate/Pipeline/Pipeline.php(219): Illuminate\\Http\\Middleware\\ValidatePostSize->handle()
#32 /www/wwwroot/dclaravel.telkomuniversity.ac.id/hosting-store/vendor/laravel/framework/src/Illuminate/Foundation/Http/Middleware/PreventRequestsDuringMaintenance.php(110): Illuminate\\Pipeline\\Pipeline->{closure:{closure:Illuminate\\Pipeline\\Pipeline::carry():194}:195}()
#33 /www/wwwroot/dclaravel.telkomuniversity.ac.id/hosting-store/vendor/laravel/framework/src/Illuminate/Pipeline/Pipeline.php(219): Illuminate\\Foundation\\Http\\Middleware\\PreventRequestsDuringMaintenance->handle()
#34 /www/wwwroot/dclaravel.telkomuniversity.ac.id/hosting-store/vendor/laravel/framework/src/Illuminate/Http/Middleware/HandleCors.php(61): Illuminate\\Pipeline\\Pipeline->{closure:{closure:Illuminate\\Pipeline\\Pipeline::carry():194}:195}()
#35 /www/wwwroot/dclaravel.telkomuniversity.ac.id/hosting-store/vendor/laravel/framework/src/Illuminate/Pipeline/Pipeline.php(219): Illuminate\\Http\\Middleware\\HandleCors->handle()
#36 /www/wwwroot/dclaravel.telkomuniversity.ac.id/hosting-store/vendor/laravel/framework/src/Illuminate/Http/Middleware/TrustProxies.php(58): Illuminate\\Pipeline\\Pipeline->{closure:{closure:Illuminate\\Pipeline\\Pipeline::carry():194}:195}()
#37 /www/wwwroot/dclaravel.telkomuniversity.ac.id/hosting-store/vendor/laravel/framework/src/Illuminate/Pipeline/Pipeline.php(219): Illuminate\\Http\\Middleware\\TrustProxies->handle()
#38 /www/wwwroot/dclaravel.telkomuniversity.ac.id/hosting-store/vendor/laravel/framework/src/Illuminate/Foundation/Http/Middleware/InvokeDeferredCallbacks.php(22): Illuminate\\Pipeline\\Pipeline->{closure:{closure:Illuminate\\Pipeline\\Pipeline::carry():194}:195}()
#39 /www/wwwroot/dclaravel.telkomuniversity.ac.id/hosting-store/vendor/laravel/framework/src/Illuminate/Pipeline/Pipeline.php(219): Illuminate\\Foundation\\Http\\Middleware\\InvokeDeferredCallbacks->handle()
#40 /www/wwwroot/dclaravel.telkomuniversity.ac.id/hosting-store/vendor/laravel/framework/src/Illuminate/Http/Middleware/ValidatePathEncoding.php(28): Illuminate\\Pipeline\\Pipeline->{closure:{closure:Illuminate\\Pipeline\\Pipeline::carry():194}:195}()
#41 /www/wwwroot/dclaravel.telkomuniversity.ac.id/hosting-store/vendor/laravel/framework/src/Illuminate/Pipeline/Pipeline.php(219): Illuminate\\Http\\Middleware\\ValidatePathEncoding->handle()
#42 /www/wwwroot/dclaravel.telkomuniversity.ac.id/hosting-store/vendor/laravel/framework/src/Illuminate/Pipeline/Pipeline.php(137): Illuminate\\Pipeline\\Pipeline->{closure:{closure:Illuminate\\Pipeline\\Pipeline::carry():194}:195}()
#43 /www/wwwroot/dclaravel.telkomuniversity.ac.id/hosting-store/vendor/laravel/framework/src/Illuminate/Foundation/Http/Kernel.php(175): Illuminate\\Pipeline\\Pipeline->then()
#44 /www/wwwroot/dclaravel.telkomuniversity.ac.id/hosting-store/vendor/laravel/framework/src/Illuminate/Foundation/Http/Kernel.php(144): Illuminate\\Foundation\\Http\\Kernel->sendRequestThroughRouter()
#45 /www/wwwroot/dclaravel.telkomuniversity.ac.id/hosting-store/vendor/laravel/framework/src/Illuminate/Foundation/Application.php(1227): Illuminate\\Foundation\\Http\\Kernel->handle()
#46 /www/wwwroot/dclaravel.telkomuniversity.ac.id/index.php(20): Illuminate\\Foundation\\Application->handleRequest()
#47 {main}
"} 
[2026-09-10 08:40:10] local.ERROR: No application encryption key has been specified. {"exception":"[object] (Illuminate\\Encryption\\MissingAppKeyException(code: 0): No application encryption key has been specified. at /www/wwwroot/dclaravel.telkomuniversity.ac.id/hosting-store/vendor/laravel/framework/src/Illuminate/Encryption/EncryptionServiceProvider.php:83)
[stacktrace]
#0 /www/wwwroot/dclaravel.telkomuniversity.ac.id/hosting-store/vendor/laravel/framework/src/Illuminate/Support/helpers.php(393): Illuminate\\Encryption\\EncryptionServiceProvider->{closure:Illuminate\\Encryption\\EncryptionServiceProvider::key():81}()
#1 /www/wwwroot/dclaravel.telkomuniversity.ac.id/hosting-store/vendor/laravel/framework/src/Illuminate/Encryption/EncryptionServiceProvider.php(81): tap()
#2 /www/wwwroot/dclaravel.telkomuniversity.ac.id/hosting-store/vendor/laravel/framework/src/Illuminate/Encryption/EncryptionServiceProvider.php(64): Illuminate\\Encryption\\EncryptionServiceProvider->key()
#3 /www/wwwroot/dclaravel.telkomuniversity.ac.id/hosting-store/vendor/laravel/framework/src/Illuminate/Encryption/EncryptionServiceProvider.php(32): Illuminate\\Encryption\\EncryptionServiceProvider->parseKey()
#4 /www/wwwroot/dclaravel.telkomuniversity.ac.id/hosting-store/vendor/laravel/framework/src/Illuminate/Container/Container.php(1140): Illuminate\\Encryption\\EncryptionServiceProvider->{closure:Illuminate\\Encryption\\EncryptionServiceProvider::registerEncrypter():29}()
#5 /www/wwwroot/dclaravel.telkomuniversity.ac.id/hosting-store/vendor/laravel/framework/src/Illuminate/Container/Container.php(939): Illuminate\\Container\\Container->build()
#6 /www/wwwroot/dclaravel.telkomuniversity.ac.id/hosting-store/vendor/laravel/framework/src/Illuminate/Foundation/Application.php(1085): Illuminate\\Container\\Container->resolve()
#7 /www/wwwroot/dclaravel.telkomuniversity.ac.id/hosting-store/vendor/laravel/framework/src/Illuminate/Container/Container.php(867): Illuminate\\Foundation\\Application->resolve()
#8 /www/wwwroot/dclaravel.telkomuniversity.ac.id/hosting-store/vendor/laravel/framework/src/Illuminate/Foundation/Application.php(1065): Illuminate\\Container\\Container->make()
#9 /www/wwwroot/dclaravel.telkomuniversity.ac.id/hosting-store/vendor/laravel/framework/src/Illuminate/Container/Container.php(1363): Illuminate\\Foundation\\Application->make()
#10 /www/wwwroot/dclaravel.telkomuniversity.ac.id/hosting-store/vendor/laravel/framework/src/Illuminate/Container/Container.php(1264): Illuminate\\Container\\Container->resolveClass()
#11 /www/wwwroot/dclaravel.telkomuniversity.ac.id/hosting-store/vendor/laravel/framework/src/Illuminate/Container/Container.php(1187): Illuminate\\Container\\Container->resolveDependencies()
#12 /www/wwwroot/dclaravel.telkomuniversity.ac.id/hosting-store/vendor/laravel/framework/src/Illuminate/Container/Container.php(939): Illuminate\\Container\\Container->build()
#13 /www/wwwroot/dclaravel.telkomuniversity.ac.id/hosting-store/vendor/laravel/framework/src/Illuminate/Foundation/Application.php(1085): Illuminate\\Container\\Container->resolve()
#14 /www/wwwroot/dclaravel.telkomuniversity.ac.id/hosting-store/vendor/laravel/framework/src/Illuminate/Container/Container.php(867): Illuminate\\Foundation\\Application->resolve()
#15 /www/wwwroot/dclaravel.telkomuniversity.ac.id/hosting-store/vendor/laravel/framework/src/Illuminate/Foundation/Application.php(1065): Illuminate\\Container\\Container->make()
#16 /www/wwwroot/dclaravel.telkomuniversity.ac.id/hosting-store/vendor/laravel/framework/src/Illuminate/Foundation/Http/Kernel.php(257): Illuminate\\Foundation\\Application->make()
#17 /www/wwwroot/dclaravel.telkomuniversity.ac.id/hosting-store/vendor/laravel/framework/src/Illuminate/Foundation/Http/Kernel.php(215): Illuminate\\Foundation\\Http\\Kernel->terminateMiddleware()
#18 /www/wwwroot/dclaravel.telkomuniversity.ac.id/hosting-store/vendor/laravel/framework/src/Illuminate/Foundation/Application.php(1229): Illuminate\\Foundation\\Http\\Kernel->terminate()
#19 /www/wwwroot/dclaravel.telkomuniversity.ac.id/index.php(20): Illuminate\\Foundation\\Application->handleRequest()
#20 {main}
"} 
[2026-09-10 08:40:11] local.ERROR: Uncaught ErrorException: Cannot modify header information - headers already sent by (output started at /www/wwwroot/dclaravel.telkomuniversity.ac.id/hosting-store/vendor/symfony/http-foundation/Response.php:393) in /www/wwwroot/dclaravel.telkomuniversity.ac.id/hosting-store/vendor/symfony/http-foundation/Response.php:328
Stack trace:
#0 /www/wwwroot/dclaravel.telkomuniversity.ac.id/hosting-store/vendor/laravel/framework/src/Illuminate/Foundation/Bootstrap/HandleExceptions.php(265): Illuminate\Foundation\Bootstrap\HandleExceptions->handleError()
#1 [internal function]: Illuminate\Foundation\Bootstrap\HandleExceptions->{closure:Illuminate\Foundation\Bootstrap\HandleExceptions::forwardsTo():264}()
#2 /www/wwwroot/dclaravel.telkomuniversity.ac.id/hosting-store/vendor/symfony/http-foundation/Response.php(328): header()
#3 /www/wwwroot/dclaravel.telkomuniversity.ac.id/hosting-store/vendor/symfony/http-foundation/Response.php(407): Symfony\Component\HttpFoundation\Response->sendHeaders()
#4 /www/wwwroot/dclaravel.telkomuniversity.ac.id/hosting-store/vendor/laravel/framework/src/Illuminate/Foundation/Bootstrap/HandleExceptions.php(228): Symfony\Component\HttpFoundation\Response->send()
#5 /www/wwwroot/dclaravel.telkomuniversity.ac.id/hosting-store/vendor/laravel/framework/src/Illuminate/Foundation/Bootstrap/HandleExceptions.php(205): Illuminate\Foundation\Bootstrap\HandleExceptions->renderHttpResponse()
#6 /www/wwwroot/dclaravel.telkomuniversity.ac.id/hosting-store/vendor/laravel/framework/src/Illuminate/Foundation/Bootstrap/HandleExceptions.php(265): Illuminate\Foundation\Bootstrap\HandleExceptions->handleException()
#7 [internal function]: Illuminate\Foundation\Bootstrap\HandleExceptions->{closure:Illuminate\Foundation\Bootstrap\HandleExceptions::forwardsTo():264}()
#8 {main}
  thrown {"exception":"[object] (Symfony\\Component\\ErrorHandler\\Error\\FatalError(code: 0): Uncaught ErrorException: Cannot modify header information - headers already sent by (output started at /www/wwwroot/dclaravel.telkomuniversity.ac.id/hosting-store/vendor/symfony/http-foundation/Response.php:393) in /www/wwwroot/dclaravel.telkomuniversity.ac.id/hosting-store/vendor/symfony/http-foundation/Response.php:328
Stack trace:
#0 /www/wwwroot/dclaravel.telkomuniversity.ac.id/hosting-store/vendor/laravel/framework/src/Illuminate/Foundation/Bootstrap/HandleExceptions.php(265): Illuminate\\Foundation\\Bootstrap\\HandleExceptions->handleError()
#1 [internal function]: Illuminate\\Foundation\\Bootstrap\\HandleExceptions->{closure:Illuminate\\Foundation\\Bootstrap\\HandleExceptions::forwardsTo():264}()
#2 /www/wwwroot/dclaravel.telkomuniversity.ac.id/hosting-store/vendor/symfony/http-foundation/Response.php(328): header()
#3 /www/wwwroot/dclaravel.telkomuniversity.ac.id/hosting-store/vendor/symfony/http-foundation/Response.php(407): Symfony\\Component\\HttpFoundation\\Response->sendHeaders()
#4 /www/wwwroot/dclaravel.telkomuniversity.ac.id/hosting-store/vendor/laravel/framework/src/Illuminate/Foundation/Bootstrap/HandleExceptions.php(228): Symfony\\Component\\HttpFoundation\\Response->send()
#5 /www/wwwroot/dclaravel.telkomuniversity.ac.id/hosting-store/vendor/laravel/framework/src/Illuminate/Foundation/Bootstrap/HandleExceptions.php(205): Illuminate\\Foundation\\Bootstrap\\HandleExceptions->renderHttpResponse()
#6 /www/wwwroot/dclaravel.telkomuniversity.ac.id/hosting-store/vendor/laravel/framework/src/Illuminate/Foundation/Bootstrap/HandleExceptions.php(265): Illuminate\\Foundation\\Bootstrap\\HandleExceptions->handleException()
#7 [internal function]: Illuminate\\Foundation\\Bootstrap\\HandleExceptions->{closure:Illuminate\\Foundation\\Bootstrap\\HandleExceptions::forwardsTo():264}()
#8 {main}
  thrown at /www/wwwroot/dclaravel.telkomuniversity.ac.id/hosting-store/vendor/symfony/http-foundation/Response.php:328)
[stacktrace]
#0 {main}
"} 
